timestamp_utc,time,Hm0,Hmax,Hsw,Tp,Tsw,Tm01,Tm02,Tm10,Tavg,Tmax,Dirp,Dirm,Dirsw,Sigp,Sigm,Uw,Uwdir,lat,lon,sst,VBAT,VSOL,TEMP,HUM,PRES,CSQ,RAT,oper,source,invalid,tstr,tstrlocal
2025-07-13 13:30:00,1752413400,3.39,33.82,3.32,20.48,20.48,17.06,15.64,18.41,7.47,19.36,253.72,246.85,253.72,52.89,64.58,1.12,263.20,0.00,0.00,0,4.23,4.33,24.48,56.47,110.52,16,7,Vivo,gsm,0,2025-07-13 13:30:00 [UTC],2025-07-13 10:30:00 [UTC-3]
2025-07-13 14:00:00,1752415200,3.71,8.86,3.67,20.48,20.48,18.89,17.88,19.66,8.64,20.48,180.87,170.53,180.87,51.35,55.97,0.19,240.41,0.00,0.00,0,4.21,4.31,25.37,53.32,110.70,14,7,Vivo,gsm,0,2025-07-13 11:00:00 [UTC-3],2025-07-13 11:00:00 [UTC-3]
2025-07-13 14:30:00,1752417000,3.07,16.20,2.98,18.20,18.20,14.85,13.46,16.32,8.74,16.16,83.12,76.12,83.12,61.80,67.84,1.28,222.82,-23.01,-43.25,0,4.20,8.34,26.17,53.17,111.10,13,7,Vivo,gsm,0,2025-07-13 11:30:00 [UTC-3],2025-07-13 11:30:00 [UTC-3]
2025-07-13 15:00:00,1752418800,0.78,1.18,0.64,10.24,10.24,8.02,6.08,10.31,5.96,12.64,158.10,147.27,158.10,40.49,49.13,0.26,143.24,-23.01,-43.25,0,4.18,8.06,29.07,50.94,112.20,15,7,Vivo,gsm,0,2025-07-13 12:00:00 [UTC-3],2025-07-13 12:00:00 [UTC-3]
2025-07-13 15:30:00,1752420600,0.78,1.24,0.62,10.24,10.24,7.76,5.87,10.00,5.82,10.88,158.40,148.67,158.40,41.41,50.55,0.30,149.61,-23.01,-43.25,0,4.14,7.87,30.92,48.78,112.91,14,7,Vivo,gsm,0,2025-07-13 12:30:00 [UTC-3],2025-07-13 12:30:00 [UTC-3]
2025-07-13 16:00:00,1752422400,0.75,1.14,0.60,10.92,10.92,7.79,5.96,9.97,6.29,11.04,163.71,162.38,163.71,42.14,49.82,0.26,169.45,-23.01,-43.25,0,4.15,7.83,31.61,46.67,113.04,14,7,Vivo,gsm,0,2025-07-13 13:00:00 [UTC-3],2025-07-13 13:00:00 [UTC-3]
2025-07-13 16:30:00,1752424200,0.79,1.21,0.63,11.70,11.70,8.17,6.48,10.14,6.24,11.20,169.50,166.07,169.50,37.64,46.61,0.36,162.94,-23.01,-43.25,0,4.16,7.87,30.36,47.91,112.65,13,7,Vivo,gsm,0,2025-07-13 13:30:00 [UTC-3],2025-07-13 13:30:00 [UTC-3]
2025-07-13 17:00:00,1752426000,0.73,1.10,0.55,11.70,11.70,7.05,5.15,9.67,5.61,11.52,180.83,170.69,180.83,38.46,51.94,0.17,161.03,-23.01,-43.25,0,4.15,7.82,28.73,47.46,111.81,12,7,Vivo,gsm,0,2025-07-13 14:00:00 [UTC-3],2025-07-13 14:00:00 [UTC-3]
2025-07-13 17:30:00,1752427800,0.79,1.43,0.61,10.92,10.92,6.87,5.06,9.60,5.45,11.52,171.25,161.37,171.25,45.38,52.21,0.32,169.72,0.00,0.00,0,4.15,7.86,27.41,49.32,111.37,15,7,Vivo,gsm,0,2025-07-13 14:30:00 [UTC-3],2025-07-13 14:30:00 [UTC-3]
2025-07-13 18:00:00,1752429600,0.78,1.30,0.59,10.24,10.24,6.62,4.97,9.36,5.14,12.00,173.02,162.14,173.02,46.33,53.54,0.25,160.67,-23.01,-43.25,0,4.15,7.63,26.48,49.89,110.99,12,7,Vivo,gsm,0,2025-07-13 15:00:00 [UTC-3],2025-07-13 15:00:00 [UTC-3]
2025-07-13 18:30:00,1752431400,0.84,1.34,0.64,10.92,10.92,6.93,5.28,9.51,5.22,11.52,168.78,163.36,168.78,43.53,49.27,0.34,163.87,-23.01,-43.25,0,4.17,4.27,25.82,49.99,110.68,13,7,Vivo,gsm,0,2025-07-13 15:30:00 [UTC-3],2025-07-13 15:30:00 [UTC-3]
2025-07-13 19:00:00,1752433200,0.75,1.31,0.53,10.92,10.92,6.34,4.90,8.97,4.81,11.84,167.00,163.00,167.00,47.33,52.74,0.27,165.49,0.00,0.00,0,4.17,4.27,25.00,50.38,110.33,15,7,Vivo,gsm,0,2025-07-13 16:00:00 [UTC-3],2025-07-13 16:00:00 [UTC-3]
2025-07-13 19:30:00,1752435000,0.82,1.30,0.60,10.92,10.92,6.26,4.80,9.01,4.98,11.68,162.87,158.51,162.87,52.12,52.71,0.25,161.24,-23.01,-43.25,0,4.16,4.27,24.09,50.76,109.94,13,7,Vivo,gsm,0,2025-07-13 16:30:00 [UTC-3],2025-07-13 16:30:00 [UTC-3]
2025-07-13 20:00:00,1752436800,0.83,1.43,0.56,10.92,10.92,5.39,4.13,8.43,4.33,10.88,169.51,153.30,169.51,44.04,53.29,0.12,159.93,0.00,0.00,0,4.16,3.10,22.94,51.00,109.42,13,7,Vivo,gsm,0,2025-07-13 17:00:00 [UTC-3],2025-07-13 17:00:00 [UTC-3]
2025-07-13 20:30:00,1752438600,0.79,1.12,0.44,9.64,10.92,4.38,3.52,7.05,3.75,10.24,157.37,141.22,154.12,53.55,54.52,0.04,158.77,-23.01,-43.25,0,4.15,0.13,21.73,51.90,108.95,13,7,Vivo,gsm,0,2025-07-13 17:30:00 [UTC-3],2025-07-13 17:30:00 [UTC-3]
2025-07-13 21:00:00,1752440400,0.87,1.47,0.54,10.24,10.24,4.67,3.72,7.39,3.89,11.52,158.24,147.29,158.24,48.94,53.89,0.00,0.00,0.00,0.00,0,4.15,0.02,20.92,52.68,108.66,14,7,Vivo,gsm,0,2025-07-13 18:00:00 [UTC-3],2025-07-13 18:00:00 [UTC-3]
2025-07-13 21:30:00,1752442200,0.87,1.34,0.48,11.70,11.70,4.48,3.72,6.85,3.89,8.16,183.12,145.19,183.12,52.43,53.98,0.00,0.00,-23.01,-43.25,0,4.15,0.02,20.40,53.31,108.48,12,7,Vivo,gsm,0,2025-07-13 18:30:00 [UTC-3],2025-07-13 18:30:00 [UTC-3]
2025-07-13 22:00:00,1752444000,0.93,1.52,0.52,10.92,10.92,4.61,3.86,6.77,3.84,4.64,169.62,150.09,169.62,54.01,51.60,0.00,0.00,0.00,0.00,0,4.14,0.02,20.17,53.56,108.40,11,7,Vivo,gsm,0,2025-07-13 19:00:00 [UTC-3],2025-07-13 19:00:00 [UTC-3]
2025-07-13 22:30:00,1752445800,0.95,1.52,0.53,13.65,13.65,4.77,3.98,7.02,3.91,11.52,176.58,158.02,176.58,48.42,52.95,0.00,0.00,-23.01,-43.25,0,4.14,0.02,20.01,53.90,108.35,13,7,Vivo,gsm,0,2025-07-13 19:30:00 [UTC-3],2025-07-13 19:30:00 [UTC-3]
2025-07-13 23:00:00,1752447600,0.98,1.65,0.49,11.70,11.70,4.66,3.95,6.51,3.95,8.48,162.83,151.96,162.83,42.56,49.24,0.00,0.00,0.00,0.00,0,4.12,0.02,19.95,53.66,108.30,12,7,Vivo,gsm,0,2025-07-13 20:00:00 [UTC-3],2025-07-13 20:00:00 [UTC-3]
2025-07-13 23:30:00,1752449400,0.97,1.40,0.53,10.24,10.24,4.83,4.05,6.89,4.19,9.92,154.56,147.09,154.56,50.46,53.25,0.00,0.00,-23.01,-43.25,0,4.13,0.02,19.68,53.84,108.20,19,7,Vivo,gsm,0,2025-07-13 20:30:00 [UTC-3],2025-07-13 20:30:00 [UTC-3]
2025-07-14 00:00:00,1752451200,0.96,1.58,0.50,10.24,10.24,4.94,4.18,6.94,4.34,10.56,167.63,149.90,167.63,52.29,52.42,0.00,0.00,0.00,0.00,0,4.13,0.02,19.48,54.17,108.14,15,7,Vivo,gsm,0,2025-07-13 21:00:00 [UTC-3],2025-07-13 21:00:00 [UTC-3]
2025-07-14 00:30:00,1752453000,0.95,1.48,0.54,10.92,10.92,5.29,4.46,7.33,4.45,11.04,170.58,155.43,170.58,40.18,49.80,0.00,0.00,-23.01,-43.25,0,4.12,0.02,19.36,54.18,108.08,14,7,Vivo,gsm,0,2025-07-13 21:30:00 [UTC-3],2025-07-13 21:30:00 [UTC-3]
2025-07-14 01:00:00,1752454800,0.90,1.37,0.53,10.92,10.92,5.48,4.58,7.53,4.59,9.44,148.12,150.76,148.12,49.85,49.96,0.00,168.42,0.00,0.00,0,4.12,0.02,19.19,54.38,108.01,13,7,Vivo,gsm,0,2025-07-13 22:00:00 [UTC-3],2025-07-13 22:00:00 [UTC-3]
2025-07-14 01:30:00,1752456600,0.88,1.42,0.56,10.92,10.92,5.88,4.86,8.00,4.91,11.68,162.73,153.67,162.73,43.60,50.31,0.00,168.65,-23.01,-43.25,0,4.12,0.02,19.09,54.47,107.97,16,7,Vivo,gsm,0,2025-07-13 22:30:00 [UTC-3],2025-07-13 22:30:00 [UTC-3]
2025-07-14 02:00:00,1752458400,0.80,1.47,0.48,10.92,10.92,5.73,4.70,7.92,4.83,9.12,169.47,154.08,169.47,46.72,53.50,0.00,166.46,0.00,0.00,0,4.12,0.02,19.02,54.57,107.94,16,7,Vivo,gsm,0,2025-07-13 23:00:00 [UTC-3],2025-07-13 23:00:00 [UTC-3]
2025-07-14 02:30:00,1752460200,0.79,1.17,0.46,12.60,12.60,5.78,4.74,7.95,4.67,12.64,156.50,142.22,156.50,40.56,53.15,0.13,163.12,-23.01,-43.25,0,4.10,0.02,18.94,54.58,107.91,17,7,Vivo,gsm,0,2025-07-13 23:30:00 [UTC-3],2025-07-13 23:30:00 [UTC-3]
2025-07-14 03:00:00,1752462000,0.76,1.25,0.47,10.92,10.92,5.85,4.79,7.98,4.87,10.72,149.59,147.28,149.59,45.42,50.50,0.15,168.08,0.00,0.00,0,4.11,0.02,18.87,54.50,107.87,15,7,Vivo,gsm,0,2025-07-14 00:00:00 [UTC-3],2025-07-14 00:00:00 [UTC-3]
2025-07-14 03:30:00,1752463800,0.80,1.23,0.49,10.24,10.24,5.99,4.94,8.19,5.04,10.40,164.31,153.79,164.31,50.04,50.20,0.06,169.71,-23.01,-43.25,0,4.10,0.02,18.63,54.46,107.76,15,7,Vivo,gsm,0,2025-07-14 00:30:00 [UTC-3],2025-07-14 00:30:00 [UTC-3]
2025-07-14 04:00:00,1752465600,0.77,1.26,0.46,10.24,10.24,5.91,4.87,7.97,4.92,6.40,178.24,155.23,178.24,35.39,47.78,0.27,166.02,-23.01,-43.25,0,4.10,0.02,18.39,55.14,107.70,15,7,Vivo,gsm,0,2025-07-14 01:00:00 [UTC-3],2025-07-14 01:00:00 [UTC-3]
2025-07-14 04:30:00,1752467400,0.78,1.23,0.46,9.10,10.24,6.15,5.04,8.32,5.13,8.80,162.04,151.03,162.43,40.39,52.48,0.34,169.36,-23.01,-43.25,0,4.10,0.02,18.45,55.32,107.74,15,7,Vivo,gsm,0,2025-07-14 01:30:00 [UTC-3],2025-07-14 01:30:00 [UTC-3]
2025-07-14 05:00:00,1752469200,0.83,1.28,0.52,10.24,10.24,6.52,5.30,8.58,5.32,10.40,153.40,146.36,153.40,44.67,50.92,0.43,164.82,0.00,0.00,0,4.09,0.02,18.55,55.28,107.78,16,7,Vivo,gsm,0,2025-07-14 02:00:00 [UTC-3],2025-07-14 02:00:00 [UTC-3]
2025-07-14 05:30:00,1752471000,0.79,1.21,0.48,10.24,10.24,6.39,5.23,8.42,5.47,9.92,155.05,138.34,155.05,50.28,54.56,0.49,150.08,0.00,0.00,0,4.09,0.02,18.52,55.07,107.75,10,7,Vivo,gsm,0,2025-07-14 02:30:00 [UTC-3],2025-07-14 02:30:00 [UTC-3]
2025-07-14 06:00:00,1752472800,0.82,1.26,0.50,10.24,10.24,6.46,5.37,8.49,5.34,11.04,144.18,145.26,144.18,51.11,51.60,0.22,164.82,-23.01,-43.25,0,4.08,0.01,18.48,54.90,107.72,16,7,Vivo,gsm,0,2025-07-14 03:00:00 [UTC-3],2025-07-14 03:00:00 [UTC-3]
2025-07-14 06:30:00,1752474600,0.81,1.28,0.51,10.92,10.92,6.57,5.43,8.66,5.66,10.08,155.37,141.47,155.37,44.65,53.39,0.26,147.98,-23.01,-43.25,0,4.08,0.02,18.32,55.03,107.65,16,7,Vivo,gsm,0,2025-07-14 03:30:00 [UTC-3],2025-07-14 03:30:00 [UTC-3]
2025-07-14 07:00:00,1752476400,0.76,1.47,0.48,10.24,10.24,6.58,5.46,8.54,5.41,9.60,145.82,131.99,145.82,41.92,50.84,0.41,144.63,-23.01,-43.25,0,4.06,0.02,18.13,55.11,107.58,15,7,Vivo,gsm,0,2025-07-14 04:00:00 [UTC-3],2025-07-14 04:00:00 [UTC-3]
2025-07-14 07:30:00,1752478200,0.74,0.98,0.49,12.60,12.60,6.61,5.42,8.91,5.61,10.24,116.94,129.50,116.94,45.39,53.46,0.25,149.03,-23.01,-43.25,0,4.07,0.02,17.98,55.28,107.52,15,7,Vivo,gsm,0,2025-07-14 04:30:00 [UTC-3],2025-07-14 04:30:00 [UTC-3]
2025-07-14 08:00:00,1752480000,0.74,1.18,0.48,10.92,10.92,6.49,5.37,8.64,5.40,6.88,142.38,132.11,142.38,42.83,52.11,0.39,145.46,-23.01,-43.25,0,4.06,0.02,17.85,55.52,107.48,11,7,Vivo,gsm,0,2025-07-14 05:00:00 [UTC-3],2025-07-14 05:00:00 [UTC-3]
2025-07-14 08:30:00,1752481800,0.74,1.25,0.43,9.64,10.92,6.53,5.42,8.52,5.54,10.56,137.97,122.43,129.79,44.88,54.36,0.38,134.43,0.00,0.00,0,4.06,0.02,17.88,55.82,107.51,15,7,Vivo,gsm,0,2025-07-14 05:30:00 [UTC-3],2025-07-14 05:30:00 [UTC-3]
2025-07-14 09:00:00,1752483600,0.74,1.05,0.43,9.64,10.24,6.53,5.39,8.50,5.29,11.04,134.92,126.06,132.05,47.49,54.33,0.32,135.39,-23.01,-43.25,0,4.05,0.71,18.04,55.83,107.58,15,7,Vivo,gsm,0,2025-07-14 06:00:00 [UTC-3],2025-07-14 06:00:00 [UTC-3]
2025-07-14 09:30:00,1752485400,0.72,1.28,0.46,10.24,10.24,6.56,5.34,8.74,5.24,11.68,141.14,131.55,141.14,47.79,56.09,0.36,145.04,0.00,0.00,0,4.05,4.15,18.24,55.71,107.66,15,7,Vivo,gsm,0,2025-07-14 06:30:00 [UTC-3],2025-07-14 06:30:00 [UTC-3]
2025-07-14 10:00:00,1752487200,0.72,1.32,0.42,10.24,10.24,6.56,5.36,8.64,5.49,9.60,148.47,130.02,148.47,37.38,56.75,0.69,135.92,-23.01,-43.25,0,4.07,4.17,18.75,55.63,107.87,12,7,Vivo,gsm,0,2025-07-14 07:00:00 [UTC-3],2025-07-14 07:00:00 [UTC-3]
2025-07-14 10:30:00,1752489000,0.69,0.95,0.41,9.64,10.92,6.55,5.43,8.58,5.58,6.40,147.02,131.27,134.35,40.10,53.61,0.36,142.25,-23.01,-43.25,0,4.10,4.20,19.56,55.32,108.18,15,7,Vivo,gsm,0,2025-07-14 07:30:00 [UTC-3],2025-07-14 07:30:00 [UTC-3]
2025-07-14 11:00:00,1752490800,0.70,1.10,0.42,10.24,10.24,6.63,5.50,8.70,5.58,12.48,144.24,136.28,144.24,44.99,53.60,0.47,145.87,-23.01,-43.25,0,4.14,4.25,20.77,54.94,108.66,16,7,Vivo,gsm,0,2025-07-14 08:00:00 [UTC-3],2025-07-14 08:00:00 [UTC-3]
2025-07-14 11:30:00,1752492600,0.72,1.02,0.44,9.64,13.65,6.75,5.51,8.98,5.76,11.68,132.56,129.28,138.79,47.17,54.54,0.44,146.04,-23.01,-43.25,0,4.19,4.30,22.25,53.94,109.22,12,7,Vivo,gsm,0,2025-07-14 08:30:00 [UTC-3],2025-07-14 08:30:00 [UTC-3]
2025-07-14 12:00:00,1752494400,0.69,0.98,0.39,12.60,12.60,6.33,5.24,8.28,5.38,8.96,145.25,134.79,145.25,44.33,53.67,0.35,146.19,-23.01,-43.25,0,4.23,6.94,24.60,51.54,110.04,13,7,Vivo,gsm,0,2025-07-14 09:00:00 [UTC-3],2025-07-14 09:00:00 [UTC-3]
2025-07-14 12:30:00,1752496200,0.73,1.07,0.48,11.70,11.70,7.02,5.77,9.32,5.74,11.04,136.03,135.16,136.03,47.20,53.67,0.68,143.88,-23.01,-43.25,0,4.19,8.10,25.61,51.88,110.57,14,7,Vivo,gsm,0,2025-07-14 09:30:00 [UTC-3],2025-07-14 09:30:00 [UTC-3]
2025-07-14 13:00:00,1752498000,0.68,1.01,0.41,10.24,10.24,6.43,5.09,8.83,5.29,10.40,160.67,138.01,160.67,42.07,56.81,0.44,144.77,-23.01,-43.25,0,4.18,8.14,26.43,51.08,110.96,12,7,Vivo,gsm,0,2025-07-14 10:00:00 [UTC-3],2025-07-14 10:00:00 [UTC-3]
2025-07-14 13:30:00,1752499800,0.68,0.99,0.38,9.64,10.24,6.16,4.83,8.33,4.84,11.04,154.43,132.01,148.85,49.76,55.95,0.68,155.64,0.00,0.00,0,4.18,8.13,27.50,49.87,111.40,14,7,Vivo,gsm,0,2025-07-14 10:30:00 [UTC-3],2025-07-14 10:30:00 [UTC-3]
2025-07-14 14:00:00,1752501600,0.69,1.04,0.40,10.24,10.24,6.07,4.73,8.26,4.78,7.52,140.71,126.59,140.71,40.29,55.73,1.11,139.31,-23.01,-43.25,0,4.17,8.11,28.32,48.84,111.72,13,7,Vivo,gsm,0,2025-07-14 11:00:00 [UTC-3],2025-07-14 11:00:00 [UTC-3]
2025-07-14 14:30:00,1752503400,0.69,1.06,0.38,9.64,10.24,5.94,4.55,8.43,4.72,8.64,146.87,124.33,136.39,45.83,58.03,0.53,144.31,-23.01,-43.25,0,4.17,8.15,28.71,47.70,111.82,15,7,Vivo,gsm,0,2025-07-14 11:30:00 [UTC-3],2025-07-14 11:30:00 [UTC-3]
2025-07-14 15:00:00,1752505200,0.71,1.20,0.44,9.64,16.38,6.23,4.73,8.91,4.92,8.32,146.46,132.30,168.69,51.42,59.44,0.52,142.37,-23.01,-43.25,0,4.16,8.08,28.74,47.73,111.86,14,7,Vivo,gsm,0,2025-07-14 12:00:00 [UTC-3],2025-07-14 12:00:00 [UTC-3]
2025-07-14 15:30:00,1752507000,0.69,1.05,0.41,14.89,14.89,5.88,4.46,8.64,4.49,10.88,144.25,126.77,144.25,64.07,59.42,0.76,144.71,0.00,0.00,0,4.19,8.17,29.57,46.59,112.12,13,7,Vivo,gsm,0,2025-07-14 12:30:00 [UTC-3],2025-07-14 12:30:00 [UTC-3]
2025-07-14 16:00:00,1752508800,0.66,1.08,0.34,9.64,16.38,5.56,4.31,7.98,4.47,11.52,165.32,127.73,179.62,46.74,59.24,0.64,132.58,-23.01,-43.25,0,4.18,8.18,28.77,47.62,111.89,13,7,Vivo,gsm,0,2025-07-14 13:00:00 [UTC-3],2025-07-14 13:00:00 [UTC-3]
2025-07-14 16:30:00,1752510600,0.76,1.28,0.42,16.38,16.38,6.18,4.84,8.39,4.91,8.00,181.66,124.91,181.66,67.95,55.02,1.27,137.28,-23.01,-43.25,0,4.17,8.10,28.53,47.69,111.79,12,7,Vivo,gsm,0,2025-07-14 13:30:00 [UTC-3],2025-07-14 13:30:00 [UTC-3]
2025-07-14 17:00:00,1752512400,0.73,1.07,0.44,13.65,13.65,6.21,4.85,8.63,5.10,6.88,154.53,122.11,154.53,62.75,56.78,1.42,121.91,-23.01,-43.25,0,4.17,8.11,28.19,48.17,111.68,13,7,Vivo,gsm,0,2025-07-14 14:00:00 [UTC-3],2025-07-14 14:00:00 [UTC-3]
2025-07-14 17:30:00,1752514200,0.79,1.21,0.46,10.92,10.92,6.36,5.05,8.67,5.15,6.08,141.38,123.22,141.38,51.91,55.80,0.94,151.69,0.00,0.00,0,4.16,8.08,27.93,48.16,111.57,12,7,Vivo,gsm,0,2025-07-14 14:30:00 [UTC-3],2025-07-14 14:30:00 [UTC-3]
2025-07-14 18:00:00,1752516000,0.76,1.12,0.46,9.64,12.60,6.20,4.77,8.76,5.14,9.92,133.33,124.60,147.07,48.73,58.47,0.71,135.78,-23.01,-43.25,0,4.16,8.06,27.42,48.33,111.34,11,7,Vivo,gsm,0,2025-07-14 15:00:00 [UTC-3],2025-07-14 15:00:00 [UTC-3]
2025-07-14 18:30:00,1752517800,0.78,1.49,0.45,12.60,12.60,6.03,4.75,8.50,4.73,7.20,131.51,117.88,131.51,58.18,56.58,0.94,138.20,-23.01,-43.25,0,4.16,7.98,26.67,48.56,111.02,11,7,Vivo,gsm,0,2025-07-14 15:30:00 [UTC-3],2025-07-14 15:30:00 [UTC-3]
2025-07-14 19:00:00,1752519600,0.73,1.10,0.40,16.38,16.38,5.62,4.50,8.10,4.76,12.64,184.19,119.49,184.19,63.34,57.42,1.43,126.30,-23.01,-43.25,0,4.18,4.28,25.52,48.97,110.52,12,7,Vivo,gsm,0,2025-07-14 16:00:00 [UTC-3],2025-07-14 16:00:00 [UTC-3]
2025-07-14 19:30:00,1752521400,0.79,1.10,0.47,14.89,14.89,6.13,4.91,8.67,5.00,9.44,183.72,121.99,183.72,63.44,57.11,1.44,126.90,0.00,0.00,0,4.17,4.27,24.45,49.40,110.01,15,7,Vivo,gsm,0,2025-07-14 16:30:00 [UTC-3],2025-07-14 16:30:00 [UTC-3]
2025-07-14 20:00:00,1752523200,0.77,1.15,0.43,14.89,14.89,5.85,4.66,8.50,4.76,9.44,139.63,117.91,139.63,58.53,56.40,0.89,131.97,-23.01,-43.25,0,4.16,3.63,23.02,50.52,109.44,13,7,Vivo,gsm,0,2025-07-14 17:00:00 [UTC-3],2025-07-14 17:00:00 [UTC-3]
2025-07-14 20:30:00,1752525000,0.76,1.22,0.45,14.89,14.89,5.77,4.57,8.50,4.62,11.20,152.78,119.37,152.78,53.26,56.69,1.69,126.04,-23.01,-43.25,0,4.16,0.22,21.90,51.64,109.01,13,7,Vivo,gsm,0,2025-07-14 17:30:00 [UTC-3],2025-07-14 17:30:00 [UTC-3]
2025-07-14 21:00:00,1752526800,0.80,1.25,0.47,14.89,14.89,5.92,4.69,8.66,4.79,11.68,147.59,122.71,147.59,59.52,55.42,1.02,126.74,-23.01,-43.25,0,4.15,0.02,21.15,52.45,108.74,13,7,Vivo,gsm,0,2025-07-14 18:00:00 [UTC-3],2025-07-14 18:00:00 [UTC-3]
2025-07-14 21:30:00,1752528600,0.81,1.28,0.46,16.38,16.38,5.75,4.62,8.50,4.74,8.16,156.29,121.86,156.29,69.04,56.06,0.92,128.00,-23.01,-43.25,0,4.15,0.02,20.60,53.16,108.54,13,7,Vivo,gsm,0,2025-07-14 18:30:00 [UTC-3],2025-07-14 18:30:00 [UTC-3]
2025-07-14 22:00:00,1752530400,0.79,1.15,0.46,14.89,14.89,5.52,4.43,8.31,4.49,12.00,163.22,118.98,163.22,65.26,57.46,1.05,116.35,-23.01,-43.25,0,4.14,0.02,20.35,53.77,108.47,14,7,Vivo,gsm,0,2025-07-14 19:00:00 [UTC-3],2025-07-14 19:00:00 [UTC-3]
2025-07-14 22:30:00,1752532200,0.81,1.23,0.48,14.89,14.89,5.67,4.49,8.65,4.66,10.40,183.50,121.53,183.50,72.74,61.87,0.62,129.55,0.00,0.00,0,4.14,0.02,20.34,53.97,108.48,16,7,Vivo,gsm,0,2025-07-14 19:30:00 [UTC-3],2025-07-14 19:30:00 [UTC-3]
2025-07-14 23:00:00,1752534000,0.82,1.28,0.53,14.89,14.89,5.81,4.52,9.01,4.65,8.00,185.37,130.22,185.37,57.89,60.92,0.34,129.77,-23.01,-43.25,0,4.14,0.02,20.30,53.90,108.45,11,7,Vivo,gsm,0,2025-07-14 20:00:00 [UTC-3],2025-07-14 20:00:00 [UTC-3]
2025-07-14 23:30:00,1752535800,0.81,1.36,0.45,14.89,14.89,5.32,4.25,8.05,4.29,11.20,153.22,129.37,153.22,65.61,55.82,0.77,146.39,-23.01,-43.25,0,4.14,0.02,20.32,53.83,108.45,13,7,Vivo,gsm,0,2025-07-14 20:30:00 [UTC-3],2025-07-14 20:30:00 [UTC-3]
2025-07-15 00:00:00,1752537600,0.80,1.08,0.49,16.38,16.38,5.61,4.43,8.85,4.42,14.08,178.08,140.82,178.08,43.61,54.38,0.27,142.39,-23.01,-43.25,0,4.13,0.02,20.13,53.89,108.37,13,7,Vivo,gsm,0,2025-07-14 21:00:00 [UTC-3],2025-07-14 21:00:00 [UTC-3]
2025-07-15 00:30:00,1752539400,0.81,1.22,0.51,16.38,16.38,5.93,4.70,9.20,4.63,7.84,166.54,140.95,166.54,49.61,53.61,0.64,140.17,-23.01,-43.25,0,4.13,0.02,19.93,53.88,108.28,12,7,Vivo,gsm,0,2025-07-14 21:30:00 [UTC-3],2025-07-14 21:30:00 [UTC-3]
2025-07-15 01:00:00,1752541200,0.75,1.17,0.45,14.89,14.89,5.69,4.56,8.65,4.55,5.92,166.86,137.68,166.86,48.11,53.51,0.61,142.91,-23.01,-43.25,0,4.13,0.02,19.69,54.12,108.19,13,7,Vivo,gsm,0,2025-07-14 22:00:00 [UTC-3],2025-07-14 22:00:00 [UTC-3]
2025-07-15 01:30:00,1752543000,0.74,1.34,0.45,14.89,14.89,5.87,4.70,8.82,4.73,13.12,160.36,136.75,160.36,54.88,54.95,0.64,137.70,-23.01,-43.25,0,4.12,0.02,19.49,54.37,108.12,14,7,Vivo,gsm,0,2025-07-14 22:30:00 [UTC-3],2025-07-14 22:30:00 [UTC-3]
2025-07-15 02:00:00,1752544800,0.77,1.23,0.47,14.89,14.89,6.09,4.90,8.89,5.00,8.80,165.33,141.09,165.33,43.87,52.09,0.87,142.77,-23.01,-43.25,0,4.12,0.02,19.36,54.33,108.06,11,7,Vivo,gsm,0,2025-07-14 23:00:00 [UTC-3],2025-07-14 23:00:00 [UTC-3]
2025-07-15 02:30:00,1752546600,0.78,1.15,0.51,16.38,16.38,6.63,5.25,9.78,5.38,8.00,165.23,143.90,165.23,56.75,53.55,0.66,151.94,-23.01,-43.25,0,4.12,0.02,19.16,54.47,107.98,15,7,Vivo,gsm,0,2025-07-14 23:30:00 [UTC-3],2025-07-14 23:30:00 [UTC-3]
2025-07-15 03:00:00,1752548400,0.79,1.11,0.54,16.38,16.38,6.70,5.27,9.99,5.41,6.88,152.20,143.30,152.20,55.21,53.65,0.50,150.82,-23.01,-43.25,0,4.11,0.02,19.00,54.75,107.93,15,7,Vivo,gsm,0,2025-07-15 00:00:00 [UTC-3],2025-07-15 00:00:00 [UTC-3]
2025-07-15 03:30:00,1752550200,0.79,1.29,0.54,16.38,16.38,6.79,5.37,9.99,5.25,11.20,142.04,140.96,142.04,56.58,52.87,1.07,145.44,-23.01,-43.25,0,4.11,0.02,19.00,54.99,107.94,15,7,Vivo,gsm,0,2025-07-15 00:30:00 [UTC-3],2025-07-15 00:30:00 [UTC-3]
2025-07-15 04:00:00,1752552000,0.76,1.17,0.52,16.38,16.38,6.78,5.35,9.94,5.28,12.32,162.04,145.69,162.04,47.01,52.64,0.82,147.63,-23.01,-43.25,0,4.11,0.02,19.00,54.93,107.94,16,7,Vivo,gsm,0,2025-07-15 01:00:00 [UTC-3],2025-07-15 01:00:00 [UTC-3]
2025-07-15 04:30:00,1752553800,0.79,1.09,0.51,16.38,16.38,7.05,5.66,9.79,5.74,11.84,152.63,144.08,152.63,63.04,53.09,1.01,143.10,-23.01,-43.25,0,4.10,0.02,18.93,54.65,107.89,15,7,Vivo,gsm,0,2025-07-15 01:30:00 [UTC-3],2025-07-15 01:30:00 [UTC-3]
2025-07-15 05:00:00,1752555600,0.76,1.11,0.52,16.38,16.38,7.14,5.63,10.15,5.50,13.76,157.25,143.13,157.25,58.12,54.10,0.97,141.85,-23.01,-43.25,0,4.10,0.02,18.80,54.90,107.84,16,7,Vivo,gsm,0,2025-07-15 02:00:00 [UTC-3],2025-07-15 02:00:00 [UTC-3]
2025-07-15 05:30:00,1752557400,0.74,1.20,0.49,16.38,16.38,6.76,5.34,9.65,5.33,8.64,176.71,158.29,176.71,60.11,55.05,1.17,143.87,-23.01,-43.25,0,4.10,0.02,18.76,55.09,107.83,16,7,Vivo,gsm,0,2025-07-15 02:30:00 [UTC-3],2025-07-15 02:30:00 [UTC-3]
2025-07-15 06:00:00,1752559200,0.77,1.12,0.52,16.38,16.38,6.88,5.29,9.91,5.32,7.84,181.68,162.98,181.68,47.66,54.19,1.16,150.00,0.00,0.00,0,4.09,0.02,18.84,55.21,107.88,15,7,Vivo,gsm,0,2025-07-15 03:00:00 [UTC-3],2025-07-15 03:00:00 [UTC-3]
2025-07-15 06:30:00,1752561000,0.79,1.40,0.53,16.38,16.38,6.80,5.22,9.91,5.12,13.76,182.19,165.83,182.19,43.27,54.11,1.31,160.98,-23.01,-43.25,0,4.09,0.02,18.91,55.12,107.90,15,7,Vivo,gsm,0,2025-07-15 03:30:00 [UTC-3],2025-07-15 03:30:00 [UTC-3]
2025-07-15 07:00:00,1752562800,0.82,1.66,0.59,14.89,14.89,7.09,5.40,10.30,5.79,11.36,168.51,164.53,168.51,50.03,54.40,1.43,158.01,0.00,0.00,0,4.08,0.02,18.91,55.08,107.90,16,7,Vivo,gsm,0,2025-07-15 04:00:00 [UTC-3],2025-07-15 04:00:00 [UTC-3]
2025-07-15 07:30:00,1752564600,0.85,1.26,0.62,16.38,16.38,7.31,5.47,10.75,5.85,12.16,158.05,161.21,158.05,65.21,61.19,1.05,179.41,-23.01,-43.25,0,4.07,0.02,18.98,55.11,107.93,15,7,Vivo,gsm,0,2025-07-15 04:30:00 [UTC-3],2025-07-15 04:30:00 [UTC-3]
2025-07-15 08:00:00,1752566400,0.86,1.27,0.60,16.38,16.38,7.26,5.57,10.52,5.59,11.20,170.78,163.16,170.78,42.16,51.66,1.51,205.50,-23.01,-43.25,0,4.07,0.02,18.94,54.88,107.90,15,7,Vivo,gsm,0,2025-07-15 05:00:00 [UTC-3],2025-07-15 05:00:00 [UTC-3]
2025-07-15 08:30:00,1752568200,0.85,1.44,0.61,16.38,16.38,7.45,5.77,10.68,6.12,15.04,146.55,145.42,146.55,57.94,57.88,1.25,174.63,0.00,0.00,0,0.00,0.00,0.00,0.00,0.00,0,7,Vivo,gsm,0,2025-07-15 05:30:00 [UTC-3],2025-07-15 05:30:00 [UTC-3]
2025-07-15 09:00:00,1752570000,0.83,1.40,0.55,16.38,16.38,7.16,5.72,9.96,5.52,12.64,132.44,136.57,132.44,56.55,55.75,1.43,180.78,-23.01,-43.25,0,4.06,0.50,18.62,54.89,107.75,11,7,Vivo,gsm,0,2025-07-15 06:00:00 [UTC-3],2025-07-15 06:00:00 [UTC-3]
2025-07-15 09:30:00,1752571800,0.84,1.37,0.57,16.38,16.38,7.33,5.85,10.17,5.87,7.84,161.93,138.92,161.93,58.38,57.44,1.15,181.59,-23.01,-43.25,0,4.05,4.16,18.48,55.23,107.71,16,7,Vivo,gsm,0,2025-07-15 06:30:00 [UTC-3],2025-07-15 06:30:00 [UTC-3]
2025-07-15 10:00:00,1752573600,0.85,1.12,0.58,16.38,16.38,7.44,5.93,10.29,5.81,10.40,160.63,150.59,160.63,59.10,57.66,1.44,207.52,-23.01,-43.25,0,4.07,4.17,18.71,55.69,107.84,15,7,Vivo,gsm,0,2025-07-15 07:00:00 [UTC-3],2025-07-15 07:00:00 [UTC-3]
2025-07-15 10:30:00,1752575400,0.84,1.39,0.54,16.38,16.38,7.14,5.80,9.73,5.81,12.00,178.71,142.01,178.71,46.71,53.33,1.38,190.38,-23.01,-43.25,0,4.07,4.17,19.05,55.67,107.99,14,7,Vivo,gsm,0,2025-07-15 07:30:00 [UTC-3],2025-07-15 07:30:00 [UTC-3]
2025-07-15 11:00:00,1752577200,0.88,1.29,0.60,16.38,16.38,7.27,5.80,10.18,5.72,12.00,162.05,145.06,162.05,48.36,52.94,1.66,185.00,0.00,0.00,0,4.09,4.19,19.73,55.62,108.29,12,7,Vivo,gsm,0,2025-07-15 08:00:00 [UTC-3],2025-07-15 08:00:00 [UTC-3]
2025-07-15 11:30:00,1752579000,0.90,1.45,0.65,16.38,16.38,7.79,6.12,10.91,6.31,13.60,175.84,156.66,175.84,52.23,54.54,1.77,212.14,-23.01,-43.25,0,4.12,4.22,20.57,55.03,108.62,12,7,Vivo,gsm,0,2025-07-15 08:30:00 [UTC-3],2025-07-15 08:30:00 [UTC-3]
2025-07-15 12:00:00,1752580800,0.84,1.12,0.56,16.38,16.38,7.20,5.64,10.22,5.77,10.72,178.78,161.37,178.78,61.61,56.79,1.15,223.01,-23.01,-43.25,0,4.16,4.26,21.80,54.73,109.13,13,7,Vivo,gsm,0,2025-07-15 09:00:00 [UTC-3],2025-07-15 09:00:00 [UTC-3]
2025-07-15 12:30:00,1752582600,0.90,1.47,0.66,16.38,16.38,7.77,5.98,10.95,6.05,12.64,176.28,161.07,176.28,48.73,52.75,0.96,207.01,-23.01,-43.25,0,4.19,4.30,22.77,53.64,109.50,16,7,Vivo,gsm,0,2025-07-15 09:30:00 [UTC-3],2025-07-15 09:30:00 [UTC-3]
2025-07-15 13:00:00,1752584400,0.81,1.27,0.54,16.38,16.38,7.00,5.39,10.10,5.71,9.76,169.35,154.75,169.35,54.26,55.53,0.89,198.60,-23.01,-43.25,0,4.17,8.26,24.59,53.22,110.27,15,7,Vivo,gsm,0,2025-07-15 10:00:00 [UTC-3],2025-07-15 10:00:00 [UTC-3]
2025-07-15 13:30:00,1752586200,0.84,1.30,0.55,16.38,16.38,6.95,5.40,9.91,5.50,11.04,153.41,154.94,153.41,57.09,56.17,1.03,200.84,-23.01,-43.25,0,4.16,8.23,25.51,52.71,110.74,12,7,Vivo,gsm,0,2025-07-15 10:30:00 [UTC-3],2025-07-15 10:30:00 [UTC-3]
2025-07-15 14:00:00,1752588000,0.81,1.26,0.50,16.38,16.38,6.75,5.22,9.64,5.18,13.28,153.41,151.75,153.41,65.47,57.98,1.18,200.62,0.00,0.00,0,4.16,8.18,26.47,52.03,111.17,15,7,Vivo,gsm,0,2025-07-15 11:00:00 [UTC-3],2025-07-15 11:00:00 [UTC-3]
2025-07-15 14:30:00,1752589800,0.90,1.36,0.60,16.38,16.38,7.16,5.48,10.24,5.45,8.80,172.12,162.66,172.12,53.38,52.81,0.99,197.71,-23.01,-43.25,0,4.16,7.72,26.60,49.95,111.03,15,7,Vivo,gsm,0,2025-07-15 11:30:00 [UTC-3],2025-07-15 11:30:00 [UTC-3]
2025-07-15 15:00:00,1752591600,0.90,1.29,0.61,16.38,16.38,6.99,5.28,10.42,5.35,9.92,162.62,158.50,162.62,55.55,55.50,1.44,191.68,-23.01,-43.25,0,4.16,8.02,26.02,49.64,110.73,12,7,Vivo,gsm,0,2025-07-15 12:00:00 [UTC-3],2025-07-15 12:00:00 [UTC-3]
2025-07-15 15:30:00,1752593400,0.83,1.23,0.50,16.38,16.38,6.20,4.75,9.26,4.64,9.76,170.55,164.18,170.55,48.75,52.25,1.05,201.14,-23.01,-43.25,0,4.15,8.32,25.99,50.95,110.85,15,7,Vivo,gsm,0,2025-07-15 12:30:00 [UTC-3],2025-07-15 12:30:00 [UTC-3]
2025-07-15 16:00:00,1752595200,0.86,1.50,0.57,16.38,16.38,6.58,4.94,10.00,4.96,13.28,182.61,162.28,182.61,56.72,58.61,1.05,189.19,-23.01,-43.25,0,4.14,8.01,26.57,50.45,111.07,16,7,Vivo,gsm,0,2025-07-15 13:00:00 [UTC-3],2025-07-15 13:00:00 [UTC-3]
2025-07-15 16:30:00,1752597000,0.82,1.30,0.48,16.38,16.38,6.04,4.65,8.94,4.65,7.20,171.71,161.91,171.71,47.93,51.89,1.55,188.40,-23.01,-43.25,0,4.17,4.28,25.87,48.64,110.56,14,7,Vivo,gsm,0,2025-07-15 13:30:00 [UTC-3],2025-07-15 13:30:00 [UTC-3]
2025-07-15 17:00:00,1752598800,0.81,1.34,0.52,16.38,16.38,6.39,4.85,9.52,4.90,9.44,170.06,159.63,170.06,60.38,56.48,1.18,181.45,-23.01,-43.25,0,4.17,4.28,25.64,47.55,110.29,15,7,Vivo,gsm,0,2025-07-15 14:00:00 [UTC-3],2025-07-15 14:00:00 [UTC-3]
2025-07-15 17:30:00,1752600600,0.85,1.30,0.52,16.38,16.38,6.35,4.89,9.35,5.05,10.24,166.24,161.15,166.24,47.76,52.03,1.27,191.10,-23.01,-43.25,0,4.19,4.30,25.28,48.19,110.16,13,7,Vivo,gsm,0,2025-07-15 14:30:00 [UTC-3],2025-07-15 14:30:00 [UTC-3]
2025-07-15 18:00:00,1752602400,0.90,1.34,0.61,16.38,16.38,6.66,5.03,9.96,5.09,12.32,167.09,162.07,167.09,55.11,54.82,1.23,226.85,-23.01,-43.25,0,4.19,4.30,24.78,48.43,109.95,12,7,Vivo,gsm,0,2025-07-15 15:00:00 [UTC-3],2025-07-15 15:00:00 [UTC-3]
2025-07-15 18:30:00,1752604200,0.93,1.35,0.65,16.38,16.38,6.91,5.14,10.62,5.05,18.24,187.12,168.69,187.12,46.31,55.18,1.42,194.91,-23.01,-43.25,0,4.20,7.99,23.64,51.25,109.75,13,7,Vivo,gsm,0,2025-07-15 15:30:00 [UTC-3],2025-07-15 15:30:00 [UTC-3]
2025-07-15 19:00:00,1752606000,0.88,1.73,0.51,16.38,16.38,6.22,4.87,9.01,4.99,7.52,175.45,159.77,175.45,49.99,53.82,1.05,214.39,0.00,0.00,0,4.21,8.16,23.29,51.71,109.65,12,7,Vivo,gsm,0,2025-07-15 16:00:00 [UTC-3],2025-07-15 16:00:00 [UTC-3]
2025-07-15 19:30:00,1752607800,0.87,1.32,0.55,16.38,16.38,6.28,4.83,9.57,4.87,11.68,176.16,161.71,176.16,51.80,55.49,1.46,197.53,-23.01,-43.25,0,4.21,4.31,22.51,51.29,109.26,16,7,Vivo,gsm,0,2025-07-15 16:30:00 [UTC-3],2025-07-15 16:30:00 [UTC-3]
2025-07-15 20:00:00,1752609600,0.91,1.41,0.60,16.38,16.38,6.84,5.23,9.98,5.48,12.48,174.45,160.75,174.45,59.56,56.87,0.93,197.08,-23.01,-43.25,0,4.20,3.64,21.53,51.96,108.86,15,7,Vivo,gsm,0,2025-07-15 17:00:00 [UTC-3],2025-07-15 17:00:00 [UTC-3]
2025-07-15 20:30:00,1752611400,0.81,1.44,0.49,14.89,14.89,6.17,4.85,8.90,4.75,8.64,184.51,160.16,184.51,58.49,57.52,0.68,224.19,-23.01,-43.25,0,4.19,0.28,20.74,52.61,108.56,12,7,Vivo,gsm,0,2025-07-15 17:30:00 [UTC-3],2025-07-15 17:30:00 [UTC-3]
2025-07-15 21:00:00,1752613200,0.85,1.21,0.56,16.38,16.38,6.66,5.14,9.79,5.34,12.32,173.39,157.83,173.39,45.40,55.61,0.71,207.32,-23.01,-43.25,0,4.18,0.02,20.08,53.15,108.30,15,7,Vivo,gsm,0,2025-07-15 18:00:00 [UTC-3],2025-07-15 18:00:00 [UTC-3]
2025-07-15 21:30:00,1752615000,0.90,1.38,0.62,16.38,16.38,7.11,5.49,10.23,5.51,13.92,175.87,159.61,175.87,44.78,53.52,0.92,193.56,0.00,0.00,0,4.18,0.02,19.64,53.72,108.14,16,7,Vivo,gsm,0,2025-07-15 18:30:00 [UTC-3],2025-07-15 18:30:00 [UTC-3]
2025-07-15 22:00:00,1752616800,0.88,1.66,0.58,14.89,14.89,6.98,5.51,9.84,5.79,14.88,164.26,148.56,164.26,54.08,53.97,1.33,201.41,-23.01,-43.25,0,4.17,0.02,19.27,54.02,107.99,13,7,Vivo,gsm,0,2025-07-15 19:00:00 [UTC-3],2025-07-15 19:00:00 [UTC-3]
2025-07-15 22:30:00,1752618600,0.88,1.37,0.61,16.38,16.38,7.39,5.73,10.60,5.80,14.72,155.67,153.72,155.67,59.84,56.55,1.35,187.53,-23.01,-43.25,0,4.17,0.02,18.95,54.46,107.88,14,7,Vivo,gsm,0,2025-07-15 19:30:00 [UTC-3],2025-07-15 19:30:00 [UTC-3]
2025-07-15 23:00:00,1752620400,0.92,1.49,0.65,14.89,14.89,7.42,5.80,10.47,5.64,9.60,158.68,146.90,158.68,51.18,54.72,1.41,190.89,-23.01,-43.25,0,4.16,0.02,18.73,54.52,107.79,13,7,Vivo,gsm,0,2025-07-15 20:00:00 [UTC-3],2025-07-15 20:00:00 [UTC-3]
2025-07-15 23:30:00,1752622200,0.79,1.16,0.55,16.38,16.38,6.93,5.39,10.12,5.37,9.60,158.38,150.72,158.38,49.50,56.01,1.00,180.06,-23.01,-43.25,0,4.16,0.02,18.50,54.84,107.70,13,7,Vivo,gsm,0,2025-07-15 20:30:00 [UTC-3],2025-07-15 20:30:00 [UTC-3]
2025-07-16 00:00:00,1752624000,0.83,1.23,0.59,16.38,16.38,7.42,5.79,10.53,5.72,12.96,162.88,152.15,162.88,50.72,55.11,0.92,212.89,-23.01,-43.25,0,4.15,0.02,18.37,55.04,107.65,15,7,Vivo,gsm,0,2025-07-15 21:00:00 [UTC-3],2025-07-15 21:00:00 [UTC-3]
2025-07-16 00:30:00,1752625800,0.90,1.40,0.67,16.38,16.38,7.89,6.15,10.97,6.38,15.36,161.74,147.04,161.74,40.41,51.36,0.94,190.43,-23.01,-43.25,0,4.15,0.02,18.23,55.14,107.60,15,7,Vivo,gsm,0,2025-07-15 21:30:00 [UTC-3],2025-07-15 21:30:00 [UTC-3]
2025-07-16 01:00:00,1752627600,0.90,1.28,0.65,16.38,16.38,7.89,6.26,10.69,6.65,10.56,168.41,149.00,168.41,51.68,52.50,0.92,165.85,-23.01,-43.25,0,4.15,0.02,18.11,55.24,107.55,14,7,Vivo,gsm,0,2025-07-15 22:00:00 [UTC-3],2025-07-15 22:00:00 [UTC-3]
2025-07-16 01:30:00,1752629400,0.88,1.19,0.65,14.89,14.89,8.00,6.21,11.09,6.66,15.36,169.85,152.22,169.85,43.53,53.86,0.94,194.94,-23.01,-43.25,0,4.15,0.02,17.99,55.35,107.50,14,7,Vivo,gsm,0,2025-07-15 22:30:00 [UTC-3],2025-07-15 22:30:00 [UTC-3]
2025-07-16 02:00:00,1752631200,0.91,1.26,0.67,16.38,16.38,8.06,6.45,10.89,6.65,7.84,158.03,147.45,158.03,47.17,51.68,0.79,188.46,-23.01,-43.25,0,4.15,0.02,17.84,55.37,107.44,16,7,Vivo,gsm,0,2025-07-15 23:00:00 [UTC-3],2025-07-15 23:00:00 [UTC-3]
2025-07-16 02:30:00,1752633000,0.84,1.12,0.56,16.38,16.38,7.40,6.01,9.98,6.30,12.96,133.40,138.19,133.40,56.71,54.21,1.16,221.05,-23.01,-43.25,0,4.14,0.02,17.74,55.44,107.40,14,7,Vivo,gsm,0,2025-07-15 23:30:00 [UTC-3],2025-07-15 23:30:00 [UTC-3]
2025-07-16 03:00:00,1752634800,0.84,1.20,0.62,14.89,14.89,8.05,6.35,10.97,6.32,14.56,156.60,140.77,156.60,48.78,54.11,1.29,174.40,-23.01,-43.25,0,4.14,0.02,17.61,55.66,107.35,15,7,Vivo,gsm,0,2025-07-16 00:00:00 [UTC-3],2025-07-16 00:00:00 [UTC-3]
2025-07-16 03:30:00,1752636600,0.82,1.16,0.57,14.89,14.89,7.69,6.20,10.28,6.08,9.92,158.27,137.57,158.27,55.20,54.29,1.18,165.00,-23.01,-43.25,0,4.14,0.02,17.51,55.79,107.32,15,7,Vivo,gsm,0,2025-07-16 00:30:00 [UTC-3],2025-07-16 00:30:00 [UTC-3]
2025-07-16 04:00:00,1752638400,0.85,1.40,0.59,16.38,16.38,7.72,6.20,10.41,6.22,9.44,148.24,138.30,148.24,52.89,54.49,1.07,164.79,-23.01,-43.25,0,4.13,0.02,17.46,55.76,107.30,15,7,Vivo,gsm,0,2025-07-16 01:00:00 [UTC-3],2025-07-16 01:00:00 [UTC-3]
2025-07-16 04:30:00,1752640200,0.90,1.32,0.69,16.38,16.38,8.45,6.71,11.25,6.82,16.48,155.26,144.02,155.26,47.84,51.78,1.13,123.78,-23.01,-43.25,0,4.13,0.02,17.37,55.82,107.26,15,7,Vivo,gsm,0,2025-07-16 01:30:00 [UTC-3],2025-07-16 01:30:00 [UTC-3]
2025-07-16 05:00:00,1752642000,0.80,1.17,0.54,14.89,14.89,7.60,6.15,10.07,6.23,13.76,153.35,146.24,153.35,54.46,53.90,0.96,125.46,-23.01,-43.25,0,4.13,0.02,17.31,55.90,107.23,15,7,Vivo,gsm,0,2025-07-16 02:00:00 [UTC-3],2025-07-16 02:00:00 [UTC-3]
2025-07-16 05:30:00,1752643800,0.89,1.39,0.66,14.89,14.89,8.24,6.54,11.06,6.51,14.88,150.97,139.44,150.97,42.74,52.35,0.92,65.89,-23.01,-43.25,0,4.13,0.02,17.28,55.92,107.23,15,7,Vivo,gsm,0,2025-07-16 02:30:00 [UTC-3],2025-07-16 02:30:00 [UTC-3]
2025-07-16 06:00:00,1752645600,0.90,1.29,0.70,16.38,16.38,8.70,6.89,11.58,6.93,16.48,173.41,159.47,173.41,52.56,54.63,1.13,176.75,-23.01,-43.25,0,4.12,0.02,17.25,55.93,107.21,15,7,Vivo,gsm,0,2025-07-16 03:00:00 [UTC-3],2025-07-16 03:00:00 [UTC-3]
2025-07-16 06:30:00,1752647400,0.85,1.23,0.62,16.38,16.38,8.04,6.39,10.86,6.13,11.20,183.95,154.72,183.95,53.21,57.52,1.33,157.88,-23.01,-43.25,0,4.12,0.02,17.24,55.98,107.21,15,7,Vivo,gsm,0,2025-07-16 03:30:00 [UTC-3],2025-07-16 03:30:00 [UTC-3]
2025-07-16 07:00:00,1752649200,0.90,1.31,0.68,14.89,14.89,8.52,6.82,11.21,7.04,11.04,174.51,156.95,174.51,38.58,50.50,1.03,146.50,-23.01,-43.25,0,4.12,0.02,17.22,55.98,107.20,16,7,Vivo,gsm,0,2025-07-16 04:00:00 [UTC-3],2025-07-16 04:00:00 [UTC-3]
2025-07-16 07:30:00,1752651000,0.82,1.15,0.60,16.38,16.38,7.98,6.34,10.82,6.52,9.76,170.59,148.64,170.59,59.59,59.93,0.94,17.47,-23.01,-43.25,0,4.12,0.02,17.21,56.00,107.20,16,7,Vivo,gsm,0,2025-07-16 04:30:00 [UTC-3],2025-07-16 04:30:00 [UTC-3]
2025-07-16 08:00:00,1752652800,0.89,1.55,0.66,16.38,16.38,8.45,6.78,11.20,6.45,11.36,172.82,152.41,172.82,54.26,56.23,1.00,146.28,-23.01,-43.25,0,4.11,0.02,17.18,56.03,107.19,14,7,Vivo,gsm,0,2025-07-16 05:00:00 [UTC-3],2025-07-16 05:00:00 [UTC-3]
2025-07-16 08:30:00,1752654600,0.81,1.32,0.57,14.89,14.89,7.89,6.32,10.52,6.67,11.68,169.54,148.55,169.54,49.93,55.76,1.10,121.00,0.00,0.00,0,4.11,0.02,17.12,55.98,107.16,15,7,Vivo,gsm,0,2025-07-16 05:30:00 [UTC-3],2025-07-16 05:30:00 [UTC-3]
2025-07-16 09:00:00,1752656400,0.86,1.23,0.63,14.89,14.89,8.10,6.54,10.73,6.49,10.56,170.77,149.13,170.77,59.45,59.24,1.14,84.37,-23.01,-43.25,0,4.11,0.63,17.12,55.91,107.15,15,7,Vivo,gsm,0,2025-07-16 06:00:00 [UTC-3],2025-07-16 06:00:00 [UTC-3]
2025-07-16 09:30:00,1752658200,0.85,1.19,0.66,14.89,14.89,8.59,6.79,11.37,6.74,11.04,162.59,149.63,162.59,52.38,58.29,0.65,162.56,-23.01,-43.25,0,4.10,4.20,17.11,56.06,107.15,15,7,Vivo,gsm,0,2025-07-16 06:30:00 [UTC-3],2025-07-16 06:30:00 [UTC-3]
2025-07-16 10:00:00,1752660000,0.88,1.31,0.68,14.89,14.89,8.61,6.88,11.34,6.63,13.92,175.39,153.55,175.39,48.91,55.92,1.02,116.44,-23.01,-43.25,0,4.13,4.23,17.41,56.23,107.31,14,7,Vivo,gsm,0,2025-07-16 07:00:00 [UTC-3],2025-07-16 07:00:00 [UTC-3]
2025-07-16 10:30:00,1752661800,0.90,1.26,0.72,14.89,14.89,8.87,7.05,11.55,7.30,8.80,155.41,146.02,155.41,51.65,54.90,1.01,154.24,-23.01,-43.25,0,4.16,4.26,18.17,56.29,107.63,14,7,Vivo,gsm,0,2025-07-16 07:30:00 [UTC-3],2025-07-16 07:30:00 [UTC-3]
2025-07-16 11:00:00,1752663600,0.84,1.45,0.66,14.89,14.89,8.80,6.94,11.58,6.79,12.64,150.07,143.07,150.07,53.65,56.30,0.68,155.71,-23.01,-43.25,0,4.20,4.31,19.35,55.84,108.11,12,7,Vivo,gsm,0,2025-07-16 08:00:00 [UTC-3],2025-07-16 08:00:00 [UTC-3]
2025-07-16 11:30:00,1752665400,0.83,1.09,0.64,14.89,14.89,8.55,6.72,11.40,6.75,11.84,166.37,156.71,166.37,49.89,55.48,0.73,60.67,-23.01,-43.25,0,4.24,6.62,21.74,53.70,108.94,13,7,Vivo,gsm,0,2025-07-16 08:30:00 [UTC-3],2025-07-16 08:30:00 [UTC-3]
2025-07-16 12:00:00,1752667200,0.82,1.24,0.66,14.89,14.89,8.67,6.66,11.62,7.00,13.44,152.41,148.15,152.41,54.54,56.17,0.54,87.75,-23.01,-43.25,0,4.20,8.00,23.08,54.99,109.67,13,7,Vivo,gsm,0,2025-07-16 09:00:00 [UTC-3],2025-07-16 09:00:00 [UTC-3]
2025-07-16 12:30:00,1752669000,0.80,1.03,0.64,16.38,16.38,8.67,6.73,11.62,7.22,11.52,165.21,152.81,165.21,55.97,57.50,0.70,149.40,-23.01,-43.25,0,4.19,7.93,25.09,54.54,110.58,13,7,Vivo,gsm,0,2025-07-16 09:30:00 [UTC-3],2025-07-16 09:30:00 [UTC-3]
2025-07-16 13:00:00,1752670800,0.83,1.19,0.64,14.89,14.89,8.60,6.85,11.23,7.14,13.60,170.30,154.09,170.30,46.31,54.80,0.77,67.49,-23.01,-43.25,0,4.18,8.02,27.45,52.45,111.52,14,7,Vivo,gsm,0,2025-07-16 10:00:00 [UTC-3],2025-07-16 10:00:00 [UTC-3]
2025-07-16 13:30:00,1752672600,0.81,1.27,0.61,16.38,16.38,8.27,6.61,10.99,6.61,13.92,141.02,149.13,141.02,59.40,54.97,0.75,48.74,-23.01,-43.25,0,4.18,8.03,29.70,50.79,112.44,13,7,Vivo,gsm,0,2025-07-16 10:30:00 [UTC-3],2025-07-16 10:30:00 [UTC-3]
2025-07-16 14:00:00,1752674400,0.82,1.16,0.65,14.89,14.89,8.62,6.77,11.49,6.95,12.48,148.89,145.35,148.89,44.61,52.55,1.01,128.59,-23.01,-43.25,0,4.17,8.03,32.12,48.80,113.44,12,7,Vivo,gsm,0,2025-07-16 11:00:00 [UTC-3],2025-07-16 11:00:00 [UTC-3]
2025-07-16 14:30:00,1752676200,0.81,1.12,0.58,14.89,14.89,7.93,6.36,10.59,6.79,15.04,175.58,156.46,175.58,50.49,53.92,0.60,208.34,-23.01,-43.25,0,4.17,8.12,33.84,46.07,114.03,15,7,Vivo,gsm,0,2025-07-16 11:30:00 [UTC-3],2025-07-16 11:30:00 [UTC-3]
2025-07-16 15:00:00,1752678000,0.79,1.24,0.59,14.89,14.89,7.99,6.23,10.85,6.04,13.76,183.91,166.22,183.91,42.89,53.31,0.75,177.76,-23.01,-43.25,0,4.17,8.01,34.88,45.26,114.50,12,7,Vivo,gsm,0,2025-07-16 12:00:00 [UTC-3],2025-07-16 12:00:00 [UTC-3]
2025-07-16 15:30:00,1752679800,0.83,1.43,0.62,14.89,14.89,8.11,6.41,10.87,6.29,11.52,170.58,149.44,170.58,50.83,55.83,1.01,47.23,-23.01,-43.25,0,4.16,7.94,36.01,45.06,115.14,14,7,Vivo,gsm,0,2025-07-16 12:30:00 [UTC-3],2025-07-16 12:30:00 [UTC-3]
2025-07-16 16:00:00,1752681600,0.82,1.28,0.62,16.38,16.38,8.36,6.49,11.22,6.78,15.20,165.16,155.22,165.16,44.51,50.73,0.64,74.43,-23.01,-43.25,0,4.16,7.96,37.16,43.09,115.51,15,7,Vivo,gsm,0,2025-07-16 13:00:00 [UTC-3],2025-07-16 13:00:00 [UTC-3]
2025-07-16 16:30:00,1752683400,0.77,1.20,0.55,14.89,14.89,7.58,5.78,10.44,5.84,11.36,160.16,148.01,160.16,57.73,55.31,0.92,54.34,-23.01,-43.25,0,4.16,7.95,36.39,42.92,115.09,14,7,Vivo,gsm,0,2025-07-16 13:30:00 [UTC-3],2025-07-16 13:30:00 [UTC-3]
2025-07-16 17:00:00,1752685200,0.86,1.26,0.68,14.89,14.89,8.56,6.42,11.60,6.54,10.40,152.42,144.27,152.42,45.04,51.95,0.89,74.53,-23.01,-43.25,0,4.16,8.01,35.16,44.17,114.61,13,7,Vivo,gsm,0,2025-07-16 14:00:00 [UTC-3],2025-07-16 14:00:00 [UTC-3]
2025-07-16 17:30:00,1752687000,0.84,1.33,0.61,14.89,14.89,8.16,6.40,10.80,6.90,9.76,149.49,143.97,149.49,50.78,52.81,0.92,135.73,-23.01,-43.25,0,4.15,7.99,33.70,45.08,113.98,14,7,Vivo,gsm,0,2025-07-16 14:30:00 [UTC-3],2025-07-16 14:30:00 [UTC-3]
2025-07-16 18:00:00,1752688800,0.84,1.32,0.62,14.89,14.89,8.08,6.35,10.66,6.45,14.08,165.49,150.63,165.49,47.84,53.17,1.08,35.44,-23.01,-43.25,0,4.15,7.95,32.03,46.23,113.28,13,7,Vivo,gsm,0,2025-07-16 15:00:00 [UTC-3],2025-07-16 15:00:00 [UTC-3]
2025-07-16 18:30:00,1752690600,0.84,1.41,0.63,14.89,14.89,8.15,6.35,10.77,6.41,12.16,150.41,145.91,150.41,53.59,53.34,0.91,114.81,-23.01,-43.25,0,0.00,0.00,0.00,0.00,0.00,0,7,Vivo,gsm,0,2025-07-16 15:30:00 [UTC-3],2025-07-16 15:30:00 [UTC-3]
2025-07-16 19:00:00,1752692400,0.92,1.31,0.73,14.89,14.89,8.76,6.84,11.40,6.78,13.28,168.59,155.90,168.59,51.29,52.95,1.03,52.66,0.00,0.00,0,4.14,7.94,28.74,48.60,111.87,13,7,Vivo,gsm,0,2025-07-16 16:00:00 [UTC-3],2025-07-16 16:00:00 [UTC-3]
2025-07-16 19:30:00,1752694200,0.84,1.47,0.63,14.89,14.89,8.06,6.24,10.89,6.56,13.92,161.31,148.32,161.31,49.62,54.53,0.88,58.43,-23.01,-43.25,0,4.14,4.24,27.11,48.79,111.09,13,7,Vivo,gsm,0,2025-07-16 16:30:00 [UTC-3],2025-07-16 16:30:00 [UTC-3]
2025-07-16 20:00:00,1752696000,0.89,1.36,0.68,14.89,14.89,8.23,6.44,11.08,6.70,10.40,167.45,149.89,167.45,51.79,53.65,1.21,117.12,-23.01,-43.25,0,4.14,3.75,25.09,49.93,110.23,13,7,Vivo,gsm,0,2025-07-16 17:00:00 [UTC-3],2025-07-16 17:00:00 [UTC-3]
2025-07-16 20:30:00,1752697800,0.80,1.19,0.56,16.38,16.38,7.40,5.75,10.30,5.67,9.44,157.10,141.18,157.10,56.84,54.81,1.06,109.77,-23.01,-43.25,0,4.13,0.30,23.35,51.35,109.54,13,7,Vivo,gsm,0,2025-07-16 17:30:00 [UTC-3],2025-07-16 17:30:00 [UTC-3]
2025-07-16 21:00:00,1752699600,0.88,1.33,0.65,14.89,14.89,7.55,5.84,10.49,6.04,9.44,153.54,142.16,153.54,46.38,52.68,1.31,129.13,-23.01,-43.25,0,4.13,0.02,22.10,52.54,109.07,12,7,Vivo,gsm,0,2025-07-16 18:00:00 [UTC-3],2025-07-16 18:00:00 [UTC-3]
2025-07-16 21:30:00,1752701400,0.92,1.56,0.71,14.89,14.89,8.01,6.07,11.14,6.06,15.04,167.57,153.11,167.57,48.41,54.13,1.02,124.02,-23.01,-43.25,0,4.13,0.02,21.30,53.22,108.77,14,7,Vivo,gsm,0,2025-07-16 18:30:00 [UTC-3],2025-07-16 18:30:00 [UTC-3]
2025-07-16 22:00:00,1752703200,0.91,1.66,0.68,13.65,13.65,7.58,5.81,10.58,6.08,14.08,173.60,152.18,173.60,43.46,53.99,1.02,130.52,-23.01,-43.25,0,4.12,0.02,20.66,53.76,108.53,13,7,Vivo,gsm,0,2025-07-16 19:00:00 [UTC-3],2025-07-16 19:00:00 [UTC-3]
2025-07-16 22:30:00,1752705000,0.82,1.20,0.59,14.89,14.89,7.05,5.42,10.14,5.70,10.72,162.70,145.31,162.70,55.80,56.46,1.04,139.51,-23.01,-43.25,0,4.12,0.01,20.26,54.22,108.39,11,7,Vivo,gsm,0,2025-07-16 19:30:00 [UTC-3],2025-07-16 19:30:00 [UTC-3]
2025-07-16 23:00:00,1752706800,0.89,1.30,0.69,14.89,14.89,7.74,5.82,11.16,5.88,15.36,167.75,149.65,167.75,53.14,55.00,0.49,121.09,-23.01,-43.25,0,4.12,0.02,20.06,54.50,108.32,13,7,Vivo,gsm,0,2025-07-16 20:00:00 [UTC-3],2025-07-16 20:00:00 [UTC-3]
2025-07-16 23:30:00,1752708600,0.86,1.39,0.65,14.89,14.89,7.28,5.46,10.67,5.33,14.24,169.94,154.34,169.94,49.38,54.68,0.84,130.62,-23.01,-43.25,0,4.11,0.02,19.97,54.71,108.31,14,7,Vivo,gsm,0,2025-07-16 20:30:00 [UTC-3],2025-07-16 20:30:00 [UTC-3]
2025-07-17 00:00:00,1752710400,0.85,1.31,0.59,14.89,14.89,6.86,5.28,10.02,5.56,9.12,173.03,146.26,173.03,50.43,56.50,0.67,133.03,-23.01,-43.25,0,4.11,0.02,19.96,54.58,108.29,15,7,Vivo,gsm,0,2025-07-16 21:00:00 [UTC-3],2025-07-16 21:00:00 [UTC-3]
2025-07-17 00:30:00,1752712200,0.88,1.36,0.66,14.89,14.89,7.27,5.48,10.60,5.45,8.32,165.37,150.54,165.37,46.84,53.26,0.52,135.90,-23.01,-43.25,0,4.11,0.02,19.83,54.39,108.22,13,7,Vivo,gsm,0,2025-07-16 21:30:00 [UTC-3],2025-07-16 21:30:00 [UTC-3]
2025-07-17 01:00:00,1752714000,0.86,1.25,0.63,14.89,14.89,7.18,5.49,10.33,5.52,8.96,163.93,146.49,163.93,58.01,57.48,0.57,136.08,-23.01,-43.25,0,4.10,0.02,19.61,54.41,108.13,16,7,Vivo,gsm,0,2025-07-16 22:00:00 [UTC-3],2025-07-16 22:00:00 [UTC-3]
2025-07-17 01:30:00,1752715800,0.85,1.30,0.63,13.65,13.65,7.42,5.73,10.29,5.94,9.44,158.74,143.40,158.74,45.32,54.01,0.82,131.75,-23.01,-43.25,0,4.10,0.02,19.43,54.47,108.06,14,7,Vivo,gsm,0,2025-07-16 22:30:00 [UTC-3],2025-07-16 22:30:00 [UTC-3]
2025-07-17 02:00:00,1752717600,0.90,1.48,0.72,13.65,13.65,8.06,6.12,11.24,6.64,15.36,163.40,150.56,163.40,44.57,53.08,0.94,134.17,-23.01,-43.25,0,4.09,0.02,19.20,54.47,107.96,15,7,Vivo,gsm,0,2025-07-16 23:00:00 [UTC-3],2025-07-16 23:00:00 [UTC-3]
2025-07-17 02:30:00,1752719400,0.83,1.34,0.60,13.65,13.65,7.45,5.82,10.24,5.78,11.68,165.72,143.73,165.72,51.55,55.43,0.71,112.59,-23.01,-43.25,0,4.09,0.02,18.97,54.66,107.87,13,7,Vivo,gsm,0,2025-07-16 23:30:00 [UTC-3],2025-07-16 23:30:00 [UTC-3]
2025-07-17 03:00:00,1752721200,0.84,1.28,0.61,16.38,16.38,7.63,5.94,10.63,6.30,9.28,153.96,147.33,153.96,56.54,55.34,0.93,120.29,-23.01,-43.25,0,4.09,0.02,18.77,54.79,107.79,14,7,Vivo,gsm,0,2025-07-17 00:00:00 [UTC-3],2025-07-17 00:00:00 [UTC-3]
2025-07-17 03:30:00,1752723000,0.90,1.35,0.71,16.38,16.38,8.64,6.63,11.61,6.47,12.96,151.90,149.29,151.90,42.67,49.62,0.67,106.47,-23.01,-43.25,0,4.08,0.02,18.65,55.14,107.76,15,7,Vivo,gsm,0,2025-07-17 00:30:00 [UTC-3],2025-07-17 00:30:00 [UTC-3]
2025-07-17 04:00:00,1752724800,0.88,1.20,0.66,16.38,16.38,8.08,6.34,10.93,6.31,9.92,174.63,157.40,174.63,48.50,53.91,0.80,93.26,-23.01,-43.25,0,4.08,0.02,18.58,55.08,107.73,15,7,Vivo,gsm,0,2025-07-17 01:00:00 [UTC-3],2025-07-17 01:00:00 [UTC-3]
2025-07-17 04:30:00,1752726600,0.83,1.28,0.64,14.89,14.89,8.15,6.33,11.02,6.50,13.60,162.72,152.81,162.72,49.31,53.42,0.53,87.15,-23.01,-43.25,0,4.07,0.02,18.43,55.03,107.66,15,7,Vivo,gsm,0,2025-07-17 01:30:00 [UTC-3],2025-07-17 01:30:00 [UTC-3]
2025-07-17 05:00:00,1752728400,0.85,1.35,0.68,14.89,14.89,8.48,6.58,11.37,6.38,12.32,173.62,161.02,173.62,41.73,53.67,0.78,106.63,-23.01,-43.25,0,0.00,0.00,0.00,0.00,0.00,0,7,Vivo,gsm,0,2025-07-17 02:00:00 [UTC-3],2025-07-17 02:00:00 [UTC-3]
2025-07-17 05:30:00,1752730200,0.85,1.13,0.66,16.38,16.38,8.33,6.47,11.29,6.55,14.40,159.25,152.69,159.25,54.13,55.11,0.78,85.38,0.00,0.00,0,4.06,0.02,18.16,55.18,107.55,14,7,Vivo,gsm,0,2025-07-17 02:30:00 [UTC-3],2025-07-17 02:30:00 [UTC-3]
2025-07-17 06:00:00,1752732000,0.79,1.17,0.59,14.89,14.89,7.97,6.23,10.69,6.38,13.92,174.09,155.13,174.09,52.98,55.30,0.63,97.67,-23.01,-43.25,0,4.05,0.01,18.13,55.28,107.53,15,7,Vivo,gsm,0,2025-07-17 03:00:00 [UTC-3],2025-07-17 03:00:00 [UTC-3]
2025-07-17 06:30:00,1752733800,0.89,1.36,0.71,14.89,14.89,8.64,6.76,11.33,6.92,15.20,168.49,154.15,168.49,48.89,53.03,0.83,77.04,-23.01,-43.25,0,4.05,0.02,18.03,55.38,107.50,11,7,Vivo,gsm,0,2025-07-17 03:30:00 [UTC-3],2025-07-17 03:30:00 [UTC-3]
2025-07-17 07:00:00,1752735600,0.90,1.22,0.73,14.89,14.89,8.94,6.99,11.60,7.61,13.12,165.22,156.30,165.22,57.94,55.65,0.72,71.25,-23.01,-43.25,0,4.05,0.02,17.95,55.47,107.47,14,7,Vivo,gsm,0,2025-07-17 04:00:00 [UTC-3],2025-07-17 04:00:00 [UTC-3]
2025-07-17 07:30:00,1752737400,0.85,1.49,0.66,14.89,14.89,8.54,6.71,11.14,6.80,11.20,140.83,147.43,140.83,50.78,54.11,0.65,87.20,-23.01,-43.25,0,4.04,0.02,17.85,55.57,107.43,16,7,Vivo,gsm,0,2025-07-17 04:30:00 [UTC-3],2025-07-17 04:30:00 [UTC-3]
2025-07-17 08:00:00,1752739200,0.89,1.67,0.72,16.38,16.38,9.00,7.06,11.63,7.30,14.56,166.37,160.21,166.37,49.33,52.67,0.70,104.96,-23.01,-43.25,0,4.04,0.02,17.77,55.52,107.39,15,7,Vivo,gsm,0,2025-07-17 05:00:00 [UTC-3],2025-07-17 05:00:00 [UTC-3]
2025-07-17 08:30:00,1752741000,0.84,1.35,0.66,16.38,16.38,8.62,6.76,11.33,6.93,9.60,164.49,152.37,164.49,50.82,55.34,0.68,69.38,-23.01,-43.25,0,4.03,0.02,17.75,55.63,107.39,16,7,Vivo,gsm,0,2025-07-17 05:30:00 [UTC-3],2025-07-17 05:30:00 [UTC-3]
2025-07-17 09:00:00,1752742800,0.79,1.24,0.60,14.89,14.89,8.07,6.34,10.68,6.39,12.64,168.14,155.62,168.14,55.45,57.07,0.75,47.80,-23.01,-43.25,0,4.03,0.67,17.72,55.68,107.38,17,7,Vivo,gsm,0,2025-07-17 06:00:00 [UTC-3],2025-07-17 06:00:00 [UTC-3]
2025-07-17 09:30:00,1752744600,0.87,1.31,0.66,14.89,14.89,8.42,6.63,10.97,6.63,8.96,145.29,151.16,145.29,62.01,58.13,0.74,71.32,-23.01,-43.25,0,4.02,4.12,17.73,55.66,107.38,16,7,Vivo,gsm,0,2025-07-17 06:30:00 [UTC-3],2025-07-17 06:30:00 [UTC-3]
2025-07-17 10:00:00,1752746400,0.87,1.46,0.68,14.89,14.89,8.51,6.66,11.12,6.48,10.88,157.59,151.04,157.59,52.67,54.17,0.72,69.00,-23.01,-43.25,0,4.04,4.15,18.01,55.95,107.51,12,7,Vivo,gsm,0,2025-07-17 07:00:00 [UTC-3],2025-07-17 07:00:00 [UTC-3]
2025-07-17 10:30:00,1752748200,0.85,1.36,0.66,14.89,14.89,8.29,6.53,10.91,6.80,12.48,162.51,151.03,162.51,51.75,54.42,0.70,69.22,-23.01,-43.25,0,4.07,4.18,18.84,55.70,107.84,12,7,Vivo,gsm,0,2025-07-17 07:30:00 [UTC-3],2025-07-17 07:30:00 [UTC-3]
2025-07-17 11:00:00,1752750000,0.91,1.42,0.72,14.89,14.89,8.71,6.81,11.30,6.63,11.52,161.60,150.80,161.60,50.40,53.55,0.69,63.43,-23.01,-43.25,0,4.13,4.24,19.96,55.34,108.29,13,7,Vivo,gsm,0,2025-07-17 08:00:00 [UTC-3],2025-07-17 08:00:00 [UTC-3]
2025-07-17 11:30:00,1752751800,0.84,1.69,0.62,14.89,14.89,7.97,6.28,10.61,6.17,13.28,167.44,155.40,167.44,60.52,57.36,0.70,55.86,-23.01,-43.25,0,4.18,4.29,21.49,54.40,108.88,16,7,Vivo,gsm,0,2025-07-17 08:30:00 [UTC-3],2025-07-17 08:30:00 [UTC-3]
2025-07-17 12:00:00,1752753600,0.85,1.31,0.67,14.89,14.89,8.43,6.50,11.29,6.97,13.60,165.50,155.60,165.50,54.65,57.20,0.83,67.80,-23.01,-43.25,0,4.23,6.52,23.23,52.84,109.52,14,7,Vivo,gsm,0,2025-07-17 09:00:00 [UTC-3],2025-07-17 09:00:00 [UTC-3]
2025-07-17 12:30:00,1752755400,0.89,1.43,0.69,14.89,14.89,8.47,6.65,11.06,6.53,14.56,152.93,149.96,152.93,52.31,56.09,0.78,60.64,-23.01,-43.25,0,4.19,7.99,25.71,51.48,110.48,13,7,Vivo,gsm,0,2025-07-17 09:30:00 [UTC-3],2025-07-17 09:30:00 [UTC-3]
2025-07-17 13:00:00,1752757200,0.82,1.31,0.62,14.89,14.89,8.04,6.23,10.93,6.61,14.08,159.58,151.09,159.58,49.72,55.66,0.81,113.97,-23.01,-43.25,0,4.18,8.01,26.69,52.25,111.09,16,7,Vivo,gsm,0,2025-07-17 10:00:00 [UTC-3],2025-07-17 10:00:00 [UTC-3]
2025-07-17 13:30:00,1752759000,0.81,1.33,0.63,14.89,14.89,8.10,6.22,10.99,6.10,13.76,180.30,161.01,180.30,50.61,55.73,0.85,84.69,-23.01,-43.25,0,4.18,7.96,28.81,50.67,111.97,13,7,Vivo,gsm,0,2025-07-17 10:30:00 [UTC-3],2025-07-17 10:30:00 [UTC-3]
2025-07-17 14:00:00,1752760800,0.81,1.35,0.61,14.89,14.89,7.84,6.09,10.55,6.11,16.00,162.16,151.72,162.16,65.56,58.28,1.09,118.65,-23.01,-43.25,0,4.17,7.77,31.04,49.16,112.93,15,7,Vivo,gsm,0,2025-07-17 11:00:00 [UTC-3],2025-07-17 11:00:00 [UTC-3]
2025-07-17 14:30:00,1752762600,0.89,1.55,0.71,14.89,14.89,8.55,6.65,11.30,6.66,12.96,169.86,154.18,169.86,42.85,52.17,0.99,118.22,-23.01,-43.25,0,4.17,7.92,33.17,47.32,113.83,13,7,Vivo,gsm,0,2025-07-17 11:30:00 [UTC-3],2025-07-17 11:30:00 [UTC-3]
2025-07-17 15:00:00,1752764400,0.84,1.22,0.64,14.89,14.89,7.95,6.20,10.61,6.34,13.12,169.89,156.12,169.89,54.30,55.62,0.50,71.49,-23.01,-43.25,0,4.16,7.96,34.83,44.76,114.42,12,7,Vivo,gsm,0,2025-07-17 12:00:00 [UTC-3],2025-07-17 12:00:00 [UTC-3]
2025-07-17 15:30:00,1752766200,0.85,1.16,0.68,14.89,14.89,8.33,6.32,11.19,6.42,9.76,159.77,149.61,159.77,49.71,53.98,0.51,123.74,-23.01,-43.25,0,4.16,8.04,34.83,43.40,114.33,12,7,Vivo,gsm,0,2025-07-17 12:30:00 [UTC-3],2025-07-17 12:30:00 [UTC-3]
2025-07-17 16:00:00,1752768000,0.87,1.56,0.68,14.89,14.89,7.86,5.83,10.96,5.73,15.52,166.82,152.08,166.82,50.35,56.02,0.52,130.50,-23.01,-43.25,0,4.16,8.06,33.95,44.02,113.97,13,7,Vivo,gsm,0,2025-07-17 13:00:00 [UTC-3],2025-07-17 13:00:00 [UTC-3]
2025-07-17 16:30:00,1752769800,0.83,1.25,0.64,14.89,14.89,7.54,5.49,10.72,5.25,9.44,153.92,146.94,153.92,52.83,57.14,0.84,131.09,-23.01,-43.25,0,4.16,8.25,32.71,44.54,113.39,16,7,Vivo,gsm,0,2025-07-17 13:30:00 [UTC-3],2025-07-17 13:30:00 [UTC-3]
2025-07-17 17:00:00,1752771600,0.77,1.37,0.55,14.89,14.89,7.05,5.29,9.98,5.15,11.84,184.47,152.32,184.47,46.24,57.11,0.73,119.82,-23.01,-43.25,0,4.15,7.94,31.02,45.62,112.70,13,7,Vivo,gsm,0,2025-07-17 14:00:00 [UTC-3],2025-07-17 14:00:00 [UTC-3]
2025-07-17 17:30:00,1752773400,0.84,1.30,0.66,12.60,12.60,7.75,5.75,10.68,6.24,13.28,170.88,154.23,170.88,38.36,56.84,0.99,115.96,0.00,0.00,0,4.15,8.01,30.04,47.43,112.43,16,7,Vivo,gsm,0,2025-07-17 14:30:00 [UTC-3],2025-07-17 14:30:00 [UTC-3]
2025-07-17 18:00:00,1752775200,0.83,1.42,0.62,14.89,14.89,7.46,5.46,10.59,5.55,12.00,174.62,154.81,174.62,49.20,54.67,0.69,126.80,-23.01,-43.25,0,4.14,8.10,29.02,47.25,111.95,11,7,Vivo,gsm,0,2025-07-17 15:00:00 [UTC-3],2025-07-17 15:00:00 [UTC-3]
2025-07-17 18:30:00,1752777000,0.81,1.35,0.60,14.89,14.89,6.89,5.07,10.15,4.84,10.08,178.17,153.16,178.17,58.23,58.24,0.46,129.87,-23.01,-43.25,0,4.20,4.31,27.90,47.45,111.41,19,255,,gsm,0,2025-07-17 15:30:00 [UTC-3],2025-07-17 15:30:00 [UTC-3]
2025-07-17 19:00:00,1752778800,0.81,1.19,0.57,14.89,14.89,6.74,5.01,9.99,5.18,16.64,167.80,141.95,167.80,59.90,58.38,0.80,135.94,-23.01,-43.25,0,4.19,4.30,27.96,46.57,111.27,12,7,Vivo,gsm,0,2025-07-17 16:00:00 [UTC-3],2025-07-17 16:00:00 [UTC-3]
2025-07-17 19:30:00,1752780600,0.89,1.39,0.69,13.65,13.65,7.24,5.28,10.55,5.16,13.12,167.76,154.34,167.76,55.07,57.46,0.36,133.77,-23.01,-43.25,0,4.17,4.27,26.77,46.91,110.73,13,7,Vivo,gsm,0,2025-07-17 16:30:00 [UTC-3],2025-07-17 16:30:00 [UTC-3]
2025-07-17 20:00:00,1752782400,0.81,1.11,0.59,13.65,13.65,6.58,4.83,9.83,5.13,11.52,178.13,151.71,178.13,46.84,57.07,0.86,133.46,-23.01,-43.25,0,4.15,4.03,25.22,47.96,110.09,15,7,Vivo,gsm,0,2025-07-17 17:00:00 [UTC-3],2025-07-17 17:00:00 [UTC-3]
2025-07-17 20:30:00,1752784200,0.87,1.49,0.66,13.65,13.65,7.13,5.27,10.24,5.61,12.80,164.60,148.88,164.60,56.57,56.67,0.52,128.83,-23.01,-43.25,0,4.16,0.20,22.87,50.48,109.29,13,7,Vivo,gsm,0,2025-07-17 17:30:00 [UTC-3],2025-07-17 17:30:00 [UTC-3]
2025-07-17 21:00:00,1752786000,0.77,1.34,0.56,13.65,13.65,6.67,5.05,9.71,4.92,9.28,177.10,150.94,177.10,51.42,58.93,0.43,132.28,-23.01,-43.25,0,4.15,0.02,21.45,51.54,108.74,14,7,Vivo,gsm,0,2025-07-17 18:00:00 [UTC-3],2025-07-17 18:00:00 [UTC-3]
2025-07-17 21:30:00,1752787800,0.85,1.33,0.66,13.65,13.65,7.29,5.56,10.28,5.74,14.40,172.05,158.22,172.05,49.54,54.16,0.85,139.54,-23.01,-43.25,0,4.15,0.02,20.35,52.54,108.33,16,7,Vivo,gsm,0,2025-07-17 18:30:00 [UTC-3],2025-07-17 18:30:00 [UTC-3]
2025-07-17 22:00:00,1752789600,0.80,1.47,0.60,13.65,13.65,6.99,5.19,10.20,5.24,12.80,158.05,146.57,158.05,56.91,59.16,0.47,126.00,-23.01,-43.25,0,4.15,0.02,19.77,53.83,108.17,12,7,Vivo,gsm,0,2025-07-17 19:00:00 [UTC-3],2025-07-17 19:00:00 [UTC-3]
2025-07-17 22:30:00,1752791400,0.79,1.36,0.60,13.65,13.65,6.83,5.00,10.06,5.13,11.52,168.60,150.59,168.60,59.92,61.55,0.77,131.67,0.00,0.00,0,4.14,0.02,19.73,54.58,108.22,16,7,Vivo,gsm,0,2025-07-17 19:30:00 [UTC-3],2025-07-17 19:30:00 [UTC-3]
2025-07-17 23:00:00,1752793200,0.81,1.40,0.63,13.65,13.65,6.78,4.83,10.14,5.18,11.52,170.30,150.94,170.30,50.17,59.11,0.28,114.49,-23.01,-43.25,0,4.14,0.02,20.03,54.35,108.33,15,7,Vivo,gsm,0,2025-07-17 20:00:00 [UTC-3],2025-07-17 20:00:00 [UTC-3]
2025-07-17 23:30:00,1752795000,0.80,1.23,0.62,13.65,13.65,7.07,5.13,10.22,5.46,14.72,177.31,156.39,177.31,48.71,58.52,0.49,123.20,0.00,0.00,0,4.14,0.02,20.23,53.99,108.39,12,7,Vivo,gsm,0,2025-07-17 20:30:00 [UTC-3],2025-07-17 20:30:00 [UTC-3]
2025-07-18 00:00:00,1752796800,0.79,1.29,0.61,13.65,13.65,7.01,5.06,10.37,4.90,13.12,157.73,147.53,157.73,54.61,61.28,0.35,130.20,-23.01,-43.25,0,4.13,0.02,20.25,53.65,108.38,15,7,Vivo,gsm,0,2025-07-17 21:00:00 [UTC-3],2025-07-17 21:00:00 [UTC-3]
2025-07-18 00:30:00,1752798600,0.75,1.14,0.55,13.65,13.65,6.96,5.28,9.90,5.62,12.96,172.18,150.64,172.18,52.29,58.43,0.46,128.07,-23.01,-43.25,0,4.13,0.02,20.07,53.28,108.27,13,7,Vivo,gsm,0,2025-07-17 21:30:00 [UTC-3],2025-07-17 21:30:00 [UTC-3]
2025-07-18 01:00:00,1752800400,0.89,1.39,0.71,13.65,13.65,8.10,6.22,10.81,6.27,13.28,169.46,156.87,169.46,43.54,52.55,0.43,132.16,0.00,0.00,0,4.13,0.02,19.68,53.53,108.12,16,7,Vivo,gsm,0,2025-07-17 22:00:00 [UTC-3],2025-07-17 22:00:00 [UTC-3]
2025-07-18 01:30:00,1752802200,0.79,1.15,0.61,13.65,13.65,7.42,5.73,10.27,5.66,8.32,157.26,148.03,157.26,53.19,57.88,0.59,135.72,-23.01,-43.25,0,4.12,0.02,19.40,53.80,108.01,13,7,Vivo,gsm,0,2025-07-17 22:30:00 [UTC-3],2025-07-17 22:30:00 [UTC-3]
2025-07-18 02:00:00,1752804000,0.80,1.44,0.61,13.65,13.65,7.45,5.80,10.17,6.03,12.00,171.37,155.64,171.37,51.77,54.62,0.60,132.36,-23.01,-43.25,0,4.12,0.02,19.19,54.04,107.94,11,7,Vivo,gsm,0,2025-07-17 23:00:00 [UTC-3],2025-07-17 23:00:00 [UTC-3]
2025-07-18 02:30:00,1752805800,0.71,1.12,0.53,13.65,13.65,6.97,5.43,9.83,5.24,12.96,162.22,148.10,162.22,55.68,58.68,0.43,136.49,-23.01,-43.25,0,4.12,0.02,18.96,54.32,107.85,16,7,Vivo,gsm,0,2025-07-17 23:30:00 [UTC-3],2025-07-17 23:30:00 [UTC-3]
2025-07-18 03:00:00,1752807600,0.78,1.15,0.62,13.65,13.65,7.61,5.88,10.47,6.19,12.00,159.23,153.26,159.23,51.12,56.64,0.39,123.97,0.00,0.00,0,4.12,0.02,18.73,54.34,107.75,16,7,Vivo,gsm,0,2025-07-18 00:00:00 [UTC-3],2025-07-18 00:00:00 [UTC-3]
2025-07-18 03:30:00,1752809400,0.74,1.18,0.57,12.60,12.60,7.34,5.70,10.12,5.77,9.60,163.27,152.31,163.27,44.54,55.60,0.44,132.43,-23.01,-43.25,0,4.11,0.02,18.61,54.59,107.72,15,7,Vivo,gsm,0,2025-07-18 00:30:00 [UTC-3],2025-07-18 00:30:00 [UTC-3]
2025-07-18 04:00:00,1752811200,0.75,1.21,0.58,12.60,12.60,7.24,5.56,10.10,5.93,10.88,156.47,150.42,156.47,39.47,53.00,0.32,136.16,-23.01,-43.25,0,4.11,0.02,18.53,54.83,107.69,15,7,Vivo,gsm,0,2025-07-18 01:00:00 [UTC-3],2025-07-18 01:00:00 [UTC-3]
2025-07-18 04:30:00,1752813000,0.84,1.37,0.69,13.65,13.65,8.00,6.13,10.85,5.83,12.48,154.61,148.19,154.61,43.41,50.93,0.29,132.14,-23.01,-43.25,0,4.11,0.02,18.49,54.86,107.67,12,7,Vivo,gsm,0,2025-07-18 01:30:00 [UTC-3],2025-07-18 01:30:00 [UTC-3]
2025-07-18 05:00:00,1752814800,0.77,1.36,0.61,12.60,12.60,7.50,5.81,10.18,5.73,11.36,155.59,147.24,155.59,45.23,52.70,0.24,134.77,0.00,0.00,0,4.10,0.02,18.51,55.05,107.70,14,7,Vivo,gsm,0,2025-07-18 02:00:00 [UTC-3],2025-07-18 02:00:00 [UTC-3]
2025-07-18 05:30:00,1752816600,0.71,1.21,0.54,13.65,13.65,6.80,5.06,9.83,4.90,12.96,168.42,150.69,168.42,46.61,54.34,0.47,128.68,-23.01,-43.25,0,4.10,0.02,18.85,55.36,107.88,15,7,Vivo,gsm,0,2025-07-18 02:30:00 [UTC-3],2025-07-18 02:30:00 [UTC-3]
2025-07-18 06:00:00,1752818400,0.71,1.24,0.54,12.60,12.60,6.89,5.15,9.93,5.00,11.84,169.34,149.49,169.34,40.31,56.46,0.31,110.87,-23.01,-43.25,0,4.09,0.02,19.05,54.66,107.90,14,7,Vivo,gsm,0,2025-07-18 03:00:00 [UTC-3],2025-07-18 03:00:00 [UTC-3]
2025-07-18 06:30:00,1752820200,0.72,1.19,0.54,13.65,13.65,6.66,4.91,9.81,4.98,12.16,166.16,145.02,166.16,51.45,57.80,0.35,135.39,-23.01,-43.25,0,4.09,0.02,19.01,54.85,107.90,15,7,Vivo,gsm,0,2025-07-18 03:30:00 [UTC-3],2025-07-18 03:30:00 [UTC-3]
2025-07-18 07:00:00,1752822000,0.70,1.11,0.51,12.60,12.60,6.25,4.61,9.51,4.87,11.84,157.83,144.56,157.83,45.82,58.75,0.27,118.84,-23.01,-43.25,0,4.08,0.02,19.21,55.09,108.01,15,7,Vivo,gsm,0,2025-07-18 04:00:00 [UTC-3],2025-07-18 04:00:00 [UTC-3]
2025-07-18 07:30:00,1752823800,0.78,1.24,0.64,12.60,12.60,7.31,5.39,10.39,5.19,10.40,160.40,150.12,160.40,40.02,51.70,0.36,124.32,-23.01,-43.25,0,4.08,0.02,19.51,54.99,108.14,15,7,Vivo,gsm,0,2025-07-18 04:30:00 [UTC-3],2025-07-18 04:30:00 [UTC-3]
2025-07-18 08:00:00,1752825600,0.75,1.13,0.58,12.60,12.60,6.41,4.73,9.73,5.23,13.12,143.72,142.56,143.72,42.40,55.56,0.35,128.90,-23.01,-43.25,0,4.07,0.02,19.73,54.44,108.20,15,7,Vivo,gsm,0,2025-07-18 05:00:00 [UTC-3],2025-07-18 05:00:00 [UTC-3]
2025-07-18 08:30:00,1752827400,0.77,1.29,0.60,12.60,12.60,6.66,4.95,9.86,5.01,13.60,161.36,142.78,161.36,40.52,55.20,0.37,132.32,-23.01,-43.25,0,4.07,0.02,19.79,54.11,108.20,16,7,Vivo,gsm,0,2025-07-18 05:30:00 [UTC-3],2025-07-18 05:30:00 [UTC-3]
2025-07-18 09:00:00,1752829200,0.76,1.40,0.58,12.60,12.60,6.43,4.81,9.66,4.91,11.20,163.71,145.44,163.71,43.93,53.84,0.19,124.63,-23.01,-43.25,0,4.06,0.48,19.73,54.12,108.18,15,7,Vivo,gsm,0,2025-07-18 06:00:00 [UTC-3],2025-07-18 06:00:00 [UTC-3]
2025-07-18 09:30:00,1752831000,0.77,1.17,0.59,13.65,13.65,6.76,5.07,9.92,5.12,14.08,162.25,147.07,162.25,51.57,57.29,0.41,126.99,-23.01,-43.25,0,4.06,4.16,19.76,54.34,108.21,15,7,Vivo,gsm,0,2025-07-18 06:30:00 [UTC-3],2025-07-18 06:30:00 [UTC-3]
2025-07-18 10:00:00,1752832800,0.73,1.11,0.55,12.60,12.60,6.87,5.14,10.02,5.20,9.60,162.35,149.38,162.35,47.35,57.19,0.20,128.52,-23.01,-43.25,0,4.08,4.18,20.19,54.71,108.42,13,7,Vivo,gsm,0,2025-07-18 07:00:00 [UTC-3],2025-07-18 07:00:00 [UTC-3]
2025-07-18 10:30:00,1752834600,0.75,1.19,0.59,13.65,13.65,7.10,5.25,10.28,5.13,11.84,147.71,146.68,147.71,49.41,56.63,0.30,127.16,-23.01,-43.25,0,4.11,4.22,21.31,54.47,108.89,12,7,Vivo,gsm,0,2025-07-18 07:30:00 [UTC-3],2025-07-18 07:30:00 [UTC-3]
2025-07-18 11:00:00,1752836400,0.72,1.20,0.57,13.65,13.65,7.17,5.24,10.42,5.30,12.64,161.32,145.68,161.32,51.66,58.62,0.31,131.03,-23.01,-43.25,0,4.15,4.26,22.88,53.80,109.54,14,7,Vivo,gsm,0,2025-07-18 08:00:00 [UTC-3],2025-07-18 08:00:00 [UTC-3]
2025-07-18 11:30:00,1752838200,0.62,1.08,0.46,12.60,12.60,6.41,4.76,9.53,4.93,9.92,157.15,146.20,157.15,48.92,62.31,0.31,111.14,-23.01,-43.25,0,4.20,4.31,24.79,52.36,110.29,14,7,Vivo,gsm,0,2025-07-18 08:30:00 [UTC-3],2025-07-18 08:30:00 [UTC-3]
2025-07-18 12:00:00,1752840000,0.66,1.22,0.49,12.60,12.60,6.37,4.61,9.66,4.55,12.00,164.14,151.21,164.14,57.73,64.62,0.37,123.41,-23.01,-43.25,0,4.23,6.96,27.70,48.89,111.29,13,7,Vivo,gsm,0,2025-07-18 09:00:00 [UTC-3],2025-07-18 09:00:00 [UTC-3]
2025-07-18 12:30:00,1752841800,0.73,1.12,0.59,13.65,13.65,7.42,5.27,10.71,5.35,12.96,151.33,148.81,151.33,46.77,57.59,0.22,114.11,-23.01,-43.25,0,4.19,8.17,28.53,49.61,111.82,13,7,Vivo,gsm,0,2025-07-18 09:30:00 [UTC-3],2025-07-18 09:30:00 [UTC-3]
2025-07-18 13:00:00,1752843600,0.66,1.26,0.53,12.60,12.60,6.86,4.89,10.38,4.89,13.28,155.33,150.65,155.33,48.29,61.88,0.17,83.77,-23.01,-43.25,0,4.19,8.09,29.75,48.88,112.39,15,7,Vivo,gsm,0,2025-07-18 10:00:00 [UTC-3],2025-07-18 10:00:00 [UTC-3]
2025-07-18 13:30:00,1752845400,0.69,1.13,0.55,12.60,12.60,7.21,5.15,10.33,5.41,11.84,156.29,150.85,156.29,37.08,58.38,0.22,84.10,-23.01,-43.25,0,4.18,8.09,30.73,47.88,112.77,13,7,Vivo,gsm,0,2025-07-18 10:30:00 [UTC-3],2025-07-18 10:30:00 [UTC-3]
2025-07-18 14:00:00,1752847200,0.68,0.98,0.56,11.70,11.70,7.75,5.77,10.51,5.99,13.60,149.47,147.22,149.47,50.11,59.19,0.36,94.57,-23.01,-43.25,0,4.18,7.93,32.62,47.37,113.68,15,7,Vivo,gsm,0,2025-07-18 11:00:00 [UTC-3],2025-07-18 11:00:00 [UTC-3]
2025-07-18 14:30:00,1752849000,0.66,1.07,0.54,11.70,11.70,7.72,5.74,10.56,6.15,11.04,157.77,158.16,157.77,49.56,58.75,0.24,106.72,-23.01,-43.25,0,4.17,7.93,34.54,45.62,114.50,14,7,Vivo,gsm,0,2025-07-18 11:30:00 [UTC-3],2025-07-18 11:30:00 [UTC-3]
2025-07-18 15:00:00,1752850800,0.66,1.01,0.54,14.89,14.89,7.73,5.79,10.64,5.72,14.08,170.31,147.04,170.31,56.90,59.21,0.14,89.49,-23.01,-43.25,0,4.17,8.05,35.66,43.97,114.90,12,7,Vivo,gsm,0,2025-07-18 12:00:00 [UTC-3],2025-07-18 12:00:00 [UTC-3]
2025-07-18 15:30:00,1752852600,0.65,1.09,0.51,11.70,11.70,7.55,5.75,10.25,5.65,13.12,158.18,154.82,158.18,39.24,57.54,0.20,64.96,-23.01,-43.25,0,4.16,7.92,35.90,43.97,115.02,16,7,Vivo,gsm,0,2025-07-18 12:30:00 [UTC-3],2025-07-18 12:30:00 [UTC-3]
2025-07-18 16:00:00,1752854400,0.64,1.01,0.52,11.70,11.70,7.55,5.64,10.34,6.16,11.84,158.07,148.73,158.07,44.63,54.94,0.30,96.52,-23.01,-43.25,0,4.16,7.92,36.09,44.93,115.25,16,7,Vivo,gsm,0,2025-07-18 13:00:00 [UTC-3],2025-07-18 13:00:00 [UTC-3]
2025-07-18 16:30:00,1752856200,0.75,1.09,0.64,12.60,12.60,8.20,5.93,10.97,6.64,11.84,164.07,154.26,164.07,37.64,53.01,0.12,61.62,0.00,0.00,0,4.16,8.14,36.25,43.02,115.09,15,7,Vivo,gsm,0,2025-07-18 13:30:00 [UTC-3],2025-07-18 13:30:00 [UTC-3]
2025-07-18 17:00:00,1752858000,0.76,1.24,0.55,12.60,12.60,4.93,3.73,8.61,3.82,11.84,162.05,194.51,162.05,41.08,62.26,0.00,0.00,-23.01,-43.25,0,4.22,4.34,33.30,42.35,113.39,13,7,Vivo,gsm,0,2025-07-18 14:00:00 [UTC-3],2025-07-18 14:00:00 [UTC-3]
2025-07-18 17:30:00,1752859800,0.87,1.30,0.63,12.60,12.60,4.89,3.77,8.45,3.88,10.72,173.04,202.20,173.04,50.21,60.24,13.67,270.65,0.00,0.00,0,4.18,8.09,29.65,45.27,111.91,11,7,Vivo,gsm,0,2025-07-18 14:30:00 [UTC-3],2025-07-18 14:30:00 [UTC-3]
2025-07-18 18:00:00,1752861600,0.88,1.38,0.54,12.60,12.60,4.33,3.53,7.19,3.57,12.00,179.48,212.27,179.48,54.49,57.51,12.36,265.23,-23.01,-43.25,0,4.18,8.17,26.68,47.97,110.80,16,7,Vivo,gsm,0,2025-07-18 15:00:00 [UTC-3],2025-07-18 15:00:00 [UTC-3]
2025-07-18 18:30:00,1752863400,0.90,1.61,0.49,12.60,12.60,4.12,3.45,6.53,3.53,11.68,155.50,214.56,155.50,64.80,58.96,11.93,260.45,-23.01,-43.25,0,4.22,4.32,25.05,48.34,110.10,14,7,Vivo,gsm,0,2025-07-18 15:30:00 [UTC-3],2025-07-18 15:30:00 [UTC-3]
2025-07-18 19:00:00,1752865200,0.96,1.52,0.49,12.60,12.60,4.15,3.56,6.16,3.63,3.84,163.53,212.65,163.53,58.64,54.46,10.37,254.50,0.00,0.00,0,4.23,4.33,23.67,49.13,109.56,15,7,Vivo,gsm,0,2025-07-18 16:00:00 [UTC-3],2025-07-18 16:00:00 [UTC-3]
2025-07-18 19:30:00,1752867000,1.03,1.64,0.56,12.60,12.60,4.33,3.70,6.50,3.70,4.16,162.76,208.77,162.76,53.09,52.50,13.34,251.36,-23.01,-43.25,0,4.22,4.32,22.26,50.38,109.06,13,7,Vivo,gsm,0,2025-07-18 16:30:00 [UTC-3],2025-07-18 16:30:00 [UTC-3]
2025-07-18 20:00:00,1752868800,1.07,1.88,0.49,4.43,12.60,4.13,3.60,5.88,3.79,5.12,218.00,212.06,145.93,31.91,52.92,11.85,248.13,0.00,0.00,0,4.20,3.10,21.33,51.34,108.72,12,7,Vivo,gsm,0,2025-07-18 17:00:00 [UTC-3],2025-07-18 17:00:00 [UTC-3]
2025-07-18 20:30:00,1752870600,1.14,1.90,0.56,12.60,12.60,4.35,3.78,6.12,3.83,4.80,165.34,206.33,165.34,49.37,50.25,12.80,249.42,-23.01,-43.25,0,4.20,0.25,20.67,51.87,108.47,16,7,Vivo,gsm,0,2025-07-18 17:30:00 [UTC-3],2025-07-18 17:30:00 [UTC-3]
2025-07-18 21:00:00,1752872400,1.14,1.82,0.53,4.68,12.60,4.36,3.80,6.02,3.90,4.48,222.80,211.05,163.33,30.54,50.70,13.19,247.03,-23.01,-43.25,0,4.19,0.02,20.23,52.38,108.32,11,7,Vivo,gsm,0,2025-07-18 18:00:00 [UTC-3],2025-07-18 18:00:00 [UTC-3]
2025-07-18 21:30:00,1752874200,1.16,1.62,0.51,4.96,12.60,4.40,3.84,5.96,3.98,5.12,218.61,211.04,142.56,42.93,52.74,10.02,244.40,0.00,0.00,0,4.18,0.02,19.99,52.79,108.25,11,7,Vivo,gsm,0,2025-07-18 18:30:00 [UTC-3],2025-07-18 18:30:00 [UTC-3]
2025-07-18 22:00:00,1752876000,1.17,1.82,0.52,12.60,12.60,4.59,3.98,6.14,4.06,6.40,167.36,207.55,167.36,52.73,50.40,9.69,236.62,-23.01,-43.25,0,4.17,0.02,19.81,52.93,108.17,16,7,Vivo,gsm,0,2025-07-18 19:00:00 [UTC-3],2025-07-18 19:00:00 [UTC-3]
2025-07-18 22:30:00,1752877800,1.20,1.66,0.51,5.85,12.60,4.71,4.09,6.14,4.27,4.96,220.91,214.00,192.52,36.31,50.21,7.09,233.69,0.00,0.00,0,4.15,0.02,19.73,53.19,108.15,16,7,Vivo,gsm,0,2025-07-18 19:30:00 [UTC-3],2025-07-18 19:30:00 [UTC-3]
2025-07-18 23:00:00,1752879600,1.21,1.97,0.42,5.85,12.60,4.75,4.19,5.90,4.32,5.28,217.91,213.12,147.25,34.18,49.18,8.13,234.35,-23.01,-43.25,0,4.17,0.02,19.73,53.32,108.16,17,7,Vivo,gsm,0,2025-07-18 20:00:00 [UTC-3],2025-07-18 20:00:00 [UTC-3]
2025-07-18 23:30:00,1752881400,1.33,2.27,0.43,5.85,12.60,4.99,4.41,6.05,4.50,6.08,220.61,213.13,165.53,31.01,48.10,7.93,228.40,0.00,0.00,0,4.16,0.02,19.79,53.28,108.18,12,7,Vivo,gsm,0,2025-07-18 20:30:00 [UTC-3],2025-07-18 20:30:00 [UTC-3]
2025-07-19 00:00:00,1752883200,1.30,2.11,0.48,6.07,12.60,4.95,4.33,6.20,4.49,5.44,218.74,209.58,171.80,38.99,50.45,7.58,224.89,-23.01,-43.25,0,4.16,0.02,19.77,53.35,108.18,16,7,Vivo,gsm,0,2025-07-18 21:00:00 [UTC-3],2025-07-18 21:00:00 [UTC-3]
2025-07-19 00:30:00,1752885000,1.36,2.29,0.46,6.55,11.70,4.96,4.39,6.05,4.27,6.72,226.49,212.56,141.81,37.28,49.83,8.77,226.27,0.00,0.00,0,4.15,0.02,19.70,53.28,108.14,15,7,Vivo,gsm,0,2025-07-18 21:30:00 [UTC-3],2025-07-18 21:30:00 [UTC-3]
2025-07-19 01:00:00,1752886800,1.44,2.69,0.48,6.30,12.60,5.19,4.59,6.30,4.65,6.40,224.40,213.44,148.18,37.44,49.15,9.72,231.18,-23.01,-43.25,0,0.00,0.00,0.00,0.00,0.00,0,7,Vivo,gsm,0,2025-07-18 22:00:00 [UTC-3],2025-07-18 22:00:00 [UTC-3]
2025-07-19 01:30:00,1752888600,1.47,2.38,0.44,7.12,11.70,5.26,4.67,6.23,4.76,7.20,214.51,213.40,167.40,42.72,47.18,10.13,227.80,0.00,0.00,0,4.15,0.02,19.57,53.43,108.09,12,7,Vivo,gsm,0,2025-07-18 22:30:00 [UTC-3],2025-07-18 22:30:00 [UTC-3]
