date,m0,m1,m2,m3,m4,hm0,fp,tp,dp,sprp,tm02,tm,v,Qp,L0,k0,BFI,m0_hilbert,GF_hilbert,hs,ts,h10,hmax,tz,thmax,hmaxhs,kurt_n,skew_n,kurt_H,skew_H,kurt_T,skew_T,corr_H,corr_T,nruns
2024-11-21 00:00:00,0.05,0.01,0.00,0.00,0.00,0.87,0.10,9.91,290.67,50.06,5.99,7.26,0.68,2.08,153.30,0.04,0.05,0.02,0.44,0.80,357.01,1.02,1.34,235.13,402.14,1.68,0.00,0.03,-0.21,0.58,-1.05,0.23,0.29,0.20,0.13
2024-11-21 00:30:00,0.05,0.01,0.00,0.00,0.00,0.90,0.10,9.95,274.41,63.73,6.04,7.24,0.66,2.33,154.38,0.04,0.05,0.02,0.39,0.85,352.85,1.06,1.45,240.48,436.55,1.72,0.02,0.09,-0.07,0.57,-1.06,0.03,0.22,0.11,0.15
2024-11-21 01:00:00,0.06,0.01,0.00,0.00,0.00,0.95,0.11,9.50,283.21,51.26,6.06,7.29,0.67,2.56,140.79,0.04,0.07,0.03,0.47,0.86,342.77,1.15,1.58,225.51,360.36,1.84,0.25,0.05,0.73,0.96,-0.86,0.36,0.36,0.26,0.14
2024-11-21 01:30:00,0.06,0.01,0.00,0.00,0.00,0.98,0.10,10.36,298.69,42.79,6.22,7.48,0.67,2.49,167.55,0.04,0.06,0.02,0.36,0.92,361.24,1.16,1.46,261.71,373.12,1.58,-0.18,0.04,-0.33,0.50,-0.94,0.02,0.28,0.23,0.15
2024-11-21 02:00:00,0.06,0.01,0.00,0.00,0.00,0.96,0.11,9.50,298.66,49.40,6.19,7.41,0.66,2.40,140.79,0.04,0.06,0.02,0.39,0.91,369.66,1.13,1.72,257.57,368.66,1.88,-0.08,-0.01,-0.01,0.53,-0.99,0.13,0.36,0.30,0.13
2024-11-21 02:30:00,0.06,0.01,0.00,0.00,0.00,1.01,0.10,9.95,300.08,44.04,6.60,7.80,0.63,2.83,154.38,0.04,0.07,0.03,0.42,0.98,379.80,1.26,1.59,265.96,387.09,1.63,0.09,0.07,-0.08,0.54,-1.13,-0.09,0.35,0.26,0.13
2024-11-21 03:00:00,0.06,0.01,0.00,0.00,0.00,0.98,0.11,9.12,294.59,46.99,6.13,7.26,0.64,2.36,129.75,0.05,0.07,0.03,0.45,0.90,341.90,1.16,1.69,236.31,387.28,1.88,0.09,0.11,0.11,0.68,-1.06,0.16,0.38,0.28,0.13
2024-11-21 03:30:00,0.07,0.01,0.00,0.00,0.00,1.03,0.10,9.91,287.79,51.13,6.15,7.48,0.69,2.40,153.30,0.04,0.06,0.02,0.36,0.96,359.42,1.25,1.64,245.58,340.12,1.70,-0.10,0.07,-0.09,0.56,-1.13,0.03,0.34,0.19,0.13
2024-11-21 04:00:00,0.07,0.01,0.00,0.00,0.00,1.09,0.11,9.50,295.26,51.08,5.95,7.28,0.71,2.48,140.79,0.04,0.08,0.03,0.39,1.07,362.91,1.33,1.78,242.21,381.68,1.66,-0.06,0.10,-0.41,0.47,-1.15,-0.08,0.35,0.24,0.14
2024-11-21 04:30:00,0.07,0.01,0.00,0.00,0.00,1.08,0.10,9.95,289.50,52.57,5.58,7.02,0.76,2.31,154.38,0.04,0.06,0.03,0.43,1.03,342.95,1.31,1.88,224.87,369.17,1.82,-0.04,0.04,-0.37,0.56,-1.08,0.13,0.34,0.24,0.15
2024-11-21 05:00:00,0.07,0.01,0.00,0.00,0.00,1.08,0.12,8.41,298.66,49.07,5.37,6.82,0.78,2.13,110.46,0.06,0.08,0.03,0.45,1.01,331.92,1.36,2.04,212.13,374.35,2.01,0.32,0.04,0.71,0.95,-1.01,0.33,0.34,0.29,0.12
2024-11-21 05:30:00,0.08,0.01,0.00,0.00,0.00,1.15,0.10,9.95,299.52,50.78,5.55,7.01,0.77,1.97,154.38,0.04,0.06,0.04,0.43,1.03,325.12,1.36,1.85,200.45,380.72,1.78,0.07,0.07,-0.04,0.76,-0.89,0.38,0.34,0.31,0.14
2024-11-21 06:00:00,0.09,0.01,0.00,0.00,0.00,1.21,0.11,9.12,290.52,44.06,5.86,7.30,0.74,2.70,129.75,0.05,0.10,0.04,0.40,1.16,364.95,1.47,1.82,232.87,327.24,1.56,-0.12,0.07,-0.51,0.57,-1.19,0.04,0.39,0.22,0.14
2024-11-21 06:30:00,0.09,0.01,0.00,0.00,0.00,1.17,0.10,9.95,270.61,52.44,5.69,7.04,0.73,2.29,154.38,0.04,0.07,0.03,0.40,1.13,350.95,1.37,2.05,232.36,338.65,1.82,-0.06,0.07,-0.54,0.42,-1.23,-0.03,0.35,0.28,0.15
2024-11-21 07:00:00,0.10,0.01,0.00,0.00,0.00,1.25,0.11,9.50,287.45,56.75,5.67,6.99,0.72,2.17,140.79,0.04,0.08,0.04,0.46,1.10,332.00,1.41,2.02,212.63,366.88,1.83,0.18,0.04,0.03,0.69,-1.13,0.28,0.26,0.17,0.14
2024-11-21 07:30:00,0.10,0.01,0.00,0.00,0.00,1.26,0.12,8.44,292.91,39.97,5.71,7.00,0.71,2.14,111.24,0.06,0.10,0.04,0.43,1.19,339.63,1.53,2.12,224.30,425.55,1.78,0.14,-0.03,-0.00,0.67,-0.77,0.17,0.40,0.30,0.13
2024-11-21 08:00:00,0.10,0.01,0.00,0.00,0.00,1.26,0.11,9.15,291.29,52.47,5.62,6.90,0.71,1.96,130.66,0.05,0.07,0.04,0.41,1.19,332.64,1.50,2.14,224.42,322.90,1.80,-0.02,0.05,-0.28,0.53,-0.69,0.11,0.34,0.27,0.13
2024-11-21 08:30:00,0.10,0.02,0.00,0.00,0.00,1.28,0.11,9.50,295.55,39.29,5.46,6.77,0.73,1.93,140.79,0.04,0.07,0.05,0.45,1.18,329.23,1.50,2.04,210.09,372.15,1.72,0.05,0.10,-0.30,0.65,-0.93,0.28,0.22,0.21,0.14
2024-11-21 09:00:00,0.11,0.02,0.00,0.00,0.00,1.35,0.11,8.77,275.56,57.96,5.74,7.03,0.71,2.01,119.96,0.05,0.09,0.06,0.48,1.21,328.07,1.64,2.19,213.19,311.31,1.80,0.37,0.07,0.48,0.92,-1.14,0.20,0.30,0.12,0.13
2024-11-21 09:30:00,0.10,0.02,0.00,0.00,0.00,1.29,0.12,8.14,291.42,48.60,5.59,6.89,0.72,1.84,103.44,0.06,0.09,0.04,0.39,1.21,334.53,1.53,2.13,221.94,287.03,1.76,-0.06,0.06,-0.20,0.59,-0.88,0.16,0.29,0.22,0.13
2024-11-21 10:00:00,0.11,0.02,0.00,0.00,0.00,1.32,0.11,9.15,296.35,50.15,5.57,6.84,0.72,2.03,130.66,0.05,0.08,0.04,0.41,1.23,332.46,1.58,2.05,222.69,301.27,1.66,-0.07,0.08,-0.23,0.56,-1.02,0.13,0.35,0.24,0.12
2024-11-21 10:30:00,0.11,0.02,0.00,0.00,0.00,1.31,0.11,8.77,293.80,38.31,5.71,6.92,0.69,2.06,119.96,0.05,0.09,0.04,0.41,1.23,328.90,1.56,2.09,226.78,376.06,1.70,0.10,0.08,-0.18,0.56,-0.81,-0.00,0.30,0.31,0.13
2024-11-21 11:00:00,0.11,0.02,0.00,0.00,0.00,1.35,0.11,8.77,294.12,45.12,5.79,7.07,0.70,2.06,119.96,0.05,0.09,0.05,0.47,1.25,335.20,1.61,2.46,226.79,349.25,1.97,0.24,0.09,0.27,0.70,-1.04,-0.01,0.37,0.22,0.13
2024-11-21 11:30:00,0.11,0.02,0.00,0.00,0.00,1.33,0.10,9.53,290.81,50.91,5.85,7.11,0.69,1.91,141.78,0.04,0.07,0.04,0.40,1.23,344.13,1.55,2.21,236.49,365.30,1.79,-0.09,0.04,-0.24,0.48,-0.73,0.12,0.29,0.15,0.14
2024-11-21 12:00:00,0.11,0.01,0.00,0.00,0.00,1.31,0.11,8.77,292.67,49.57,6.06,7.26,0.66,1.86,119.96,0.05,0.08,0.04,0.41,1.22,336.64,1.53,2.20,238.19,382.97,1.80,-0.06,0.04,-0.14,0.49,-0.65,0.03,0.36,0.30,0.14
2024-11-21 12:30:00,0.13,0.02,0.00,0.00,0.00,1.42,0.10,10.36,305.74,55.85,6.32,7.50,0.64,2.07,167.55,0.04,0.07,0.05,0.42,1.29,339.71,1.65,2.57,244.28,399.12,1.99,0.12,-0.03,0.61,0.64,-0.67,0.03,0.35,0.22,0.14
2024-11-21 13:00:00,0.14,0.02,0.00,0.00,0.00,1.49,0.10,9.91,302.14,50.78,6.27,7.63,0.69,2.11,153.30,0.04,0.08,0.06,0.42,1.37,357.52,1.75,2.55,240.22,394.99,1.86,-0.04,0.15,-0.09,0.62,-0.97,0.05,0.31,0.29,0.13
2024-11-21 13:30:00,0.13,0.02,0.00,0.00,0.00,1.43,0.11,9.12,292.18,41.99,6.24,7.50,0.67,2.46,129.75,0.05,0.11,0.05,0.39,1.40,351.90,1.78,2.43,253.62,340.07,1.73,0.07,0.06,-0.16,0.46,-0.96,-0.22,0.31,0.27,0.12
2024-11-21 14:00:00,0.13,0.02,0.00,0.00,0.00,1.46,0.11,8.77,302.54,35.26,6.03,7.53,0.75,2.23,119.96,0.05,0.11,0.05,0.42,1.36,356.01,1.75,2.19,238.97,432.57,1.61,0.09,0.07,-0.25,0.58,-1.04,0.12,0.27,0.11,0.13
2024-11-21 14:30:00,0.15,0.02,0.00,0.00,0.00,1.56,0.11,8.80,294.11,52.63,6.14,7.42,0.68,2.02,120.81,0.05,0.10,0.07,0.46,1.45,332.77,1.86,2.59,225.78,369.88,1.78,0.12,0.07,-0.11,0.70,-0.97,0.11,0.40,0.33,0.16
2024-11-21 15:00:00,0.15,0.02,0.00,0.00,0.00,1.54,0.09,10.86,294.93,53.35,6.03,7.36,0.70,2.09,183.89,0.03,0.07,0.06,0.43,1.50,357.32,1.88,2.32,235.07,394.59,1.54,-0.01,0.06,-0.58,0.52,-1.11,0.06,0.38,0.25,0.14
2024-11-21 15:30:00,0.17,0.02,0.00,0.00,0.00,1.64,0.10,9.91,312.98,41.07,6.27,7.50,0.66,2.16,153.30,0.04,0.09,0.08,0.46,1.54,347.44,1.97,2.62,227.68,328.62,1.70,0.05,0.07,-0.38,0.63,-1.08,0.17,0.37,0.26,0.14
2024-11-21 16:00:00,0.23,0.03,0.01,0.00,0.00,1.92,0.10,10.40,304.06,44.02,6.70,7.78,0.59,2.77,168.73,0.04,0.12,0.10,0.43,1.83,363.70,2.32,3.24,258.78,402.40,1.77,0.08,0.04,-0.28,0.54,-1.14,-0.21,0.44,0.33,0.14
2024-11-21 16:30:00,0.21,0.03,0.00,0.00,0.00,1.83,0.10,10.36,288.39,56.28,6.60,7.64,0.58,2.66,167.55,0.04,0.11,0.08,0.41,1.81,366.05,2.24,2.91,274.85,357.95,1.61,-0.07,0.09,-0.43,0.37,-0.94,-0.26,0.38,0.29,0.15
2024-11-21 17:00:00,0.25,0.03,0.01,0.00,0.00,1.99,0.11,9.50,298.29,44.99,6.82,7.75,0.54,2.21,140.79,0.04,0.12,0.10,0.42,1.89,361.98,2.40,2.91,271.21,404.43,1.54,-0.09,0.09,-0.25,0.43,-0.82,-0.14,0.31,0.32,0.15
2024-11-21 17:30:00,0.28,0.04,0.01,0.00,0.00,2.12,0.10,10.36,309.38,39.98,6.96,7.85,0.52,2.39,167.55,0.04,0.12,0.12,0.43,2.02,361.18,2.56,3.44,272.78,408.38,1.70,0.02,0.06,-0.13,0.55,-1.03,-0.19,0.29,0.16,0.14
2024-11-21 18:00:00,0.29,0.04,0.01,0.00,0.00,2.17,0.10,10.40,288.25,46.40,6.62,7.45,0.52,2.36,168.73,0.04,0.12,0.12,0.42,2.16,348.56,2.76,3.77,256.54,348.11,1.75,0.19,0.01,-0.10,0.63,-0.88,0.02,0.36,0.24,0.14
2024-11-21 18:30:00,0.31,0.04,0.01,0.00,0.00,2.21,0.10,9.91,289.45,40.34,6.71,7.58,0.52,2.49,153.30,0.04,0.14,0.12,0.40,2.16,356.09,2.69,3.65,275.08,356.45,1.69,-0.03,0.05,-0.32,0.41,-0.73,-0.09,0.37,0.27,0.14
2024-11-21 19:00:00,0.32,0.04,0.01,0.00,0.00,2.25,0.11,9.50,300.69,34.68,6.74,7.62,0.53,2.47,140.79,0.04,0.16,0.13,0.41,2.17,360.80,2.72,3.17,259.02,376.06,1.46,-0.02,-0.02,-0.56,0.52,-1.04,-0.08,0.33,0.23,0.14
2024-11-21 19:30:00,0.33,0.04,0.01,0.00,0.00,2.31,0.10,9.91,286.80,36.15,6.77,7.62,0.51,2.57,153.30,0.04,0.15,0.13,0.40,2.20,369.57,2.68,3.19,272.33,358.65,1.45,-0.21,0.04,-0.70,0.24,-1.04,-0.12,0.34,0.34,0.15
2024-11-21 20:00:00,0.37,0.05,0.01,0.00,0.00,2.44,0.10,9.53,277.36,38.48,7.05,7.88,0.50,2.79,141.78,0.04,0.19,0.15,0.39,2.36,364.92,2.91,4.10,287.09,381.05,1.74,-0.09,0.12,-0.14,0.36,-0.75,-0.25,0.39,0.36,0.12
2024-11-21 20:30:00,0.33,0.04,0.01,0.00,0.00,2.31,0.11,9.50,275.76,41.26,6.69,7.54,0.52,2.59,140.79,0.04,0.17,0.15,0.46,2.30,346.60,2.96,3.87,267.94,345.98,1.68,0.22,0.14,-0.15,0.63,-1.09,-0.10,0.38,0.25,0.14
2024-11-21 21:00:00,0.34,0.05,0.01,0.00,0.00,2.35,0.10,10.36,275.25,34.34,6.62,7.46,0.52,2.66,167.55,0.04,0.15,0.14,0.41,2.30,354.62,2.81,3.59,265.90,363.54,1.56,-0.22,0.02,-0.71,0.22,-0.88,-0.23,0.48,0.35,0.16
2024-11-21 21:30:00,0.46,0.06,0.01,0.00,0.00,2.71,0.11,9.50,270.92,28.55,7.24,8.04,0.48,3.40,140.79,0.04,0.26,0.17,0.38,2.56,356.99,3.24,4.75,288.19,367.08,1.85,0.03,0.10,0.21,0.52,-0.89,-0.45,0.36,0.16,0.13
2024-11-21 22:00:00,0.41,0.05,0.01,0.00,0.00,2.57,0.10,9.95,281.01,44.90,7.15,7.91,0.47,2.76,154.38,0.04,0.18,0.20,0.48,2.49,352.99,3.30,5.20,281.86,334.48,2.08,0.49,0.14,1.17,0.87,-1.01,-0.29,0.43,0.31,0.12
2024-11-21 22:30:00,0.45,0.06,0.01,0.00,0.00,2.70,0.10,10.36,272.17,28.32,7.23,8.05,0.49,3.30,167.55,0.04,0.21,0.18,0.41,2.65,362.83,3.33,4.31,283.39,411.69,1.63,-0.02,0.18,-0.34,0.46,-0.88,-0.15,0.30,0.24,0.12
2024-11-21 23:00:00,0.45,0.06,0.01,0.00,0.00,2.68,0.10,9.91,282.02,23.17,6.96,7.77,0.50,2.73,153.30,0.04,0.19,0.18,0.41,2.52,363.91,3.09,4.17,270.65,379.76,1.65,-0.02,0.12,-0.33,0.38,-1.01,-0.10,0.34,0.36,0.14
2024-11-21 23:30:00,0.48,0.06,0.01,0.00,0.00,2.77,0.10,10.36,272.45,29.06,6.99,7.78,0.49,2.55,167.55,0.04,0.17,0.19,0.41,2.57,354.57,3.13,4.41,270.54,341.04,1.72,-0.13,0.08,-0.32,0.37,-0.67,-0.14,0.34,0.26,0.14
2024-11-22 00:00:00,0.40,0.05,0.01,0.00,0.00,2.52,0.10,10.40,274.51,34.59,6.59,7.38,0.50,2.25,168.73,0.04,0.13,0.16,0.39,2.36,337.72,2.90,4.13,252.09,323.56,1.75,-0.14,0.03,-0.52,0.31,-0.73,0.11,0.30,0.21,0.14
2024-11-22 00:30:00,0.38,0.05,0.01,0.00,0.00,2.47,0.11,9.50,270.79,36.39,6.56,7.38,0.52,2.23,140.79,0.04,0.15,0.15,0.41,2.35,337.99,2.94,3.44,252.19,317.94,1.46,-0.10,0.16,-0.53,0.24,-0.89,-0.21,0.30,0.22,0.13
2024-11-22 01:00:00,0.36,0.05,0.01,0.00,0.00,2.39,0.10,10.36,273.08,29.63,6.33,7.15,0.52,1.95,167.55,0.04,0.11,0.16,0.44,2.24,327.34,2.87,3.78,237.12,312.41,1.69,0.02,0.08,-0.15,0.54,-0.98,0.05,0.31,0.20,0.14
2024-11-22 01:30:00,0.40,0.06,0.01,0.00,0.00,2.54,0.10,10.40,269.05,35.17,6.51,7.28,0.50,2.19,168.73,0.04,0.13,0.15,0.37,2.36,340.24,2.91,3.93,258.48,374.49,1.66,-0.19,0.08,-0.26,0.36,-0.86,-0.03,0.31,0.21,0.13
2024-11-22 02:00:00,0.34,0.05,0.01,0.00,0.00,2.33,0.10,10.36,257.49,36.55,6.45,7.34,0.54,2.17,167.55,0.04,0.12,0.13,0.39,2.24,351.35,2.81,3.66,256.39,369.88,1.64,-0.08,0.14,-0.32,0.48,-0.78,0.16,0.30,0.17,0.12
2024-11-22 02:30:00,0.32,0.04,0.01,0.00,0.00,2.27,0.10,10.36,277.31,28.82,6.29,7.13,0.54,2.25,167.55,0.04,0.12,0.13,0.40,2.16,338.36,2.72,3.71,245.10,282.87,1.72,0.09,0.05,-0.16,0.55,-0.95,0.18,0.24,0.23,0.13
2024-11-22 03:00:00,0.33,0.05,0.01,0.00,0.00,2.30,0.09,10.86,263.48,33.34,6.18,6.94,0.51,1.83,183.89,0.03,0.09,0.14,0.41,2.28,337.14,2.85,4.15,260.75,329.71,1.83,0.08,0.15,0.06,0.49,-0.91,-0.01,0.30,0.26,0.12
2024-11-22 03:30:00,0.31,0.04,0.01,0.00,0.00,2.23,0.10,10.40,270.51,40.34,6.15,6.95,0.53,1.85,168.73,0.04,0.10,0.12,0.40,2.08,334.42,2.53,2.91,248.40,329.56,1.40,-0.13,0.11,-0.63,0.23,-0.71,0.17,0.25,0.15,0.15
2024-11-22 04:00:00,0.32,0.05,0.01,0.00,0.00,2.28,0.10,10.36,267.85,35.09,6.21,6.99,0.52,1.86,167.55,0.04,0.10,0.13,0.41,2.13,325.04,2.63,3.59,247.01,324.10,1.68,-0.14,0.03,-0.00,0.41,-0.67,0.16,0.16,0.17,0.14
2024-11-22 04:30:00,0.30,0.04,0.01,0.00,0.00,2.19,0.10,10.36,260.27,35.61,6.30,7.11,0.53,1.92,167.55,0.04,0.10,0.13,0.43,2.16,333.72,2.73,3.67,249.56,408.88,1.70,0.19,0.09,0.00,0.54,-0.83,0.05,0.19,0.16,0.14
2024-11-22 05:00:00,0.33,0.05,0.01,0.00,0.00,2.30,0.10,9.95,270.70,33.62,6.37,7.16,0.51,2.26,154.38,0.04,0.13,0.12,0.38,2.21,340.27,2.72,3.60,261.60,318.81,1.63,-0.22,0.00,-0.47,0.21,-0.77,-0.04,0.35,0.31,0.15
2024-11-22 05:30:00,0.36,0.05,0.01,0.00,0.00,2.40,0.10,10.36,257.01,27.47,6.37,7.19,0.53,2.12,167.55,0.04,0.12,0.14,0.40,2.25,319.02,2.84,3.83,242.60,377.94,1.70,0.10,0.04,-0.08,0.60,-0.75,0.15,0.23,0.24,0.13
2024-11-22 06:00:00,0.29,0.04,0.01,0.00,0.00,2.15,0.10,9.91,267.15,33.45,6.22,7.11,0.55,2.11,153.30,0.04,0.12,0.11,0.39,2.02,336.67,2.49,3.30,238.51,375.64,1.63,-0.13,0.07,-0.56,0.38,-1.04,0.07,0.26,0.30,0.13
2024-11-22 06:30:00,0.36,0.05,0.01,0.00,0.00,2.39,0.10,9.91,258.78,34.37,6.41,7.17,0.50,2.08,153.30,0.04,0.13,0.14,0.39,2.24,333.54,2.73,3.08,254.70,260.95,1.37,-0.12,0.21,-0.71,0.27,-0.87,-0.02,0.21,0.27,0.15
2024-11-22 07:00:00,0.29,0.04,0.01,0.00,0.00,2.14,0.10,9.53,268.40,34.99,6.13,6.88,0.51,1.78,141.78,0.04,0.11,0.12,0.42,2.02,322.98,2.51,3.42,243.81,341.71,1.69,-0.00,0.10,-0.28,0.43,-0.60,0.18,0.20,0.23,0.15
2024-11-22 07:30:00,0.31,0.04,0.01,0.00,0.00,2.25,0.11,9.12,276.97,26.78,6.42,7.19,0.50,2.12,129.75,0.05,0.14,0.14,0.45,2.04,328.03,2.66,3.58,238.17,356.96,1.75,0.22,0.10,-0.03,0.65,-0.96,0.14,0.34,0.25,0.14
2024-11-22 08:00:00,0.28,0.04,0.01,0.00,0.00,2.11,0.11,9.12,258.44,39.48,6.22,7.00,0.51,2.00,129.75,0.05,0.13,0.12,0.45,1.99,325.39,2.49,3.07,243.18,366.72,1.55,0.14,-0.01,-0.27,0.48,-0.55,0.21,0.27,0.26,0.15
2024-11-22 08:30:00,0.29,0.04,0.01,0.00,0.00,2.17,0.10,9.95,263.52,36.02,6.24,7.00,0.51,1.99,154.38,0.04,0.11,0.13,0.45,2.05,330.18,2.58,3.79,241.24,272.30,1.85,0.12,0.09,-0.02,0.59,-0.84,0.13,0.43,0.31,0.15
2024-11-22 09:00:00,0.30,0.04,0.01,0.00,0.00,2.20,0.10,9.91,265.39,34.60,6.40,7.21,0.52,2.29,153.30,0.04,0.13,0.12,0.40,2.11,343.34,2.57,3.07,259.56,383.41,1.46,-0.21,0.09,-0.68,0.27,-1.00,-0.06,0.27,0.13,0.15
2024-11-22 09:30:00,0.29,0.04,0.01,0.00,0.00,2.14,0.10,9.91,257.35,31.36,6.46,7.30,0.53,2.41,153.30,0.04,0.13,0.12,0.42,2.07,336.34,2.67,3.73,246.58,294.97,1.81,0.10,0.14,0.23,0.67,-0.95,0.09,0.30,0.25,0.13
2024-11-22 10:00:00,0.24,0.03,0.01,0.00,0.00,1.98,0.10,9.91,263.29,35.44,6.12,6.99,0.55,2.03,153.30,0.04,0.10,0.11,0.45,1.87,331.83,2.44,3.57,232.30,326.65,1.91,0.28,0.05,0.29,0.79,-1.00,0.20,0.43,0.29,0.15
2024-11-22 10:30:00,0.25,0.04,0.01,0.00,0.00,2.00,0.10,9.91,259.61,38.82,6.05,6.87,0.54,2.14,153.30,0.04,0.11,0.10,0.40,1.85,325.25,2.31,3.23,236.72,356.01,1.74,-0.10,0.04,0.05,0.45,-0.93,0.11,0.34,0.29,0.13
2024-11-22 11:00:00,0.25,0.04,0.01,0.00,0.00,2.01,0.10,10.40,270.82,36.63,6.09,6.87,0.52,1.89,168.73,0.04,0.09,0.11,0.43,1.88,323.19,2.36,3.33,235.13,404.38,1.77,0.11,0.06,0.05,0.57,-0.85,0.18,0.34,0.27,0.16
2024-11-22 11:30:00,0.25,0.04,0.01,0.00,0.00,2.02,0.11,8.77,263.34,36.21,6.14,6.86,0.50,1.87,119.96,0.05,0.12,0.11,0.43,1.87,314.97,2.33,3.16,236.14,347.43,1.69,0.04,0.01,-0.32,0.49,-0.89,0.13,0.27,0.16,0.15
2024-11-22 12:00:00,0.28,0.04,0.01,0.00,0.00,2.11,0.11,9.50,263.97,32.03,6.43,7.15,0.49,2.32,140.79,0.04,0.14,0.11,0.40,1.98,320.77,2.52,3.08,247.07,335.78,1.55,-0.07,0.00,-0.18,0.49,-0.71,-0.05,0.37,0.27,0.12
2024-11-22 12:30:00,0.24,0.03,0.01,0.00,0.00,1.98,0.11,8.80,268.81,34.68,6.35,7.20,0.53,2.01,120.81,0.05,0.13,0.10,0.41,1.86,340.33,2.33,2.95,251.90,343.29,1.58,-0.04,0.05,-0.39,0.33,-1.01,-0.09,0.25,0.24,0.13
2024-11-22 13:00:00,0.25,0.04,0.01,0.00,0.00,2.01,0.10,9.91,264.82,28.82,6.38,7.16,0.51,2.18,153.30,0.04,0.11,0.10,0.41,1.95,333.77,2.46,3.17,252.60,303.95,1.62,0.08,0.13,-0.24,0.44,-0.83,0.04,0.18,0.19,0.14
2024-11-22 13:30:00,0.23,0.03,0.01,0.00,0.00,1.94,0.10,10.36,267.31,33.54,6.19,6.93,0.50,1.87,167.55,0.04,0.09,0.10,0.42,1.89,324.57,2.39,3.18,239.82,328.26,1.68,-0.02,0.07,-0.22,0.46,-0.75,0.08,0.30,0.23,0.14
2024-11-22 14:00:00,0.28,0.04,0.01,0.00,0.00,2.14,0.11,9.50,258.81,27.09,6.58,7.42,0.52,2.88,140.79,0.04,0.17,0.10,0.37,2.04,345.97,2.60,3.42,260.32,358.06,1.68,-0.05,-0.00,-0.16,0.51,-1.05,-0.16,0.47,0.36,0.14
2024-11-22 14:30:00,0.30,0.04,0.01,0.00,0.00,2.19,0.10,9.91,261.48,33.32,6.52,7.33,0.52,2.45,153.30,0.04,0.14,0.13,0.42,2.13,346.53,2.62,3.62,265.00,356.23,1.70,0.02,-0.00,-0.20,0.47,-0.87,-0.12,0.41,0.30,0.15
2024-11-22 15:00:00,0.28,0.04,0.01,0.00,0.00,2.11,0.11,9.15,264.64,31.35,6.35,7.22,0.54,2.52,130.66,0.05,0.16,0.12,0.45,1.96,333.53,2.53,3.29,238.98,378.14,1.67,0.24,0.10,-0.24,0.58,-1.06,-0.04,0.38,0.28,0.13
2024-11-22 15:30:00,0.26,0.04,0.01,0.00,0.00,2.06,0.11,9.50,258.35,32.65,6.17,6.99,0.53,2.11,140.79,0.04,0.12,0.12,0.46,1.95,328.30,2.55,4.18,240.63,388.74,2.14,0.54,0.00,1.31,0.88,-0.90,0.04,0.30,0.17,0.13
2024-11-22 16:00:00,0.27,0.04,0.01,0.00,0.00,2.07,0.11,8.77,263.58,40.62,6.11,6.89,0.52,1.75,119.96,0.05,0.12,0.11,0.40,1.99,333.91,2.48,3.34,246.49,390.41,1.68,-0.17,0.06,-0.31,0.46,-0.85,0.00,0.25,0.22,0.16
2024-11-22 16:30:00,0.26,0.04,0.01,0.00,0.00,2.03,0.11,9.50,268.97,28.02,6.12,6.94,0.54,2.17,140.79,0.04,0.12,0.12,0.45,1.97,330.83,2.45,3.12,242.60,329.43,1.58,0.08,0.09,-0.41,0.49,-0.93,0.09,0.27,0.24,0.14
2024-11-22 17:00:00,0.35,0.05,0.01,0.00,0.00,2.36,0.10,9.95,272.16,27.68,6.55,7.37,0.52,2.72,154.38,0.04,0.16,0.16,0.46,2.23,345.79,2.87,4.50,253.83,330.21,2.02,0.58,0.06,0.75,0.78,-1.01,-0.05,0.37,0.33,0.13
2024-11-22 17:30:00,0.30,0.04,0.01,0.00,0.00,2.18,0.10,10.36,258.62,37.62,6.24,7.08,0.54,2.02,167.55,0.04,0.10,0.12,0.42,2.10,328.24,2.68,3.47,236.39,401.98,1.65,0.02,0.11,-0.23,0.54,-0.86,0.17,0.43,0.30,0.14
2024-11-22 18:00:00,0.43,0.06,0.01,0.00,0.00,2.63,0.10,9.91,273.80,27.64,6.77,7.61,0.51,2.54,153.30,0.04,0.17,0.18,0.41,2.48,354.51,3.17,4.06,262.86,370.39,1.64,0.02,0.12,-0.12,0.57,-0.82,-0.06,0.34,0.26,0.14
2024-11-22 18:30:00,0.42,0.06,0.01,0.00,0.00,2.60,0.10,9.91,268.88,32.65,6.66,7.55,0.53,2.98,153.30,0.04,0.20,0.17,0.41,2.45,350.26,3.08,4.57,264.84,340.29,1.86,0.05,0.07,0.00,0.47,-0.92,-0.35,0.35,0.25,0.14
2024-11-22 19:00:00,0.37,0.05,0.01,0.00,0.00,2.44,0.10,9.95,260.60,30.39,6.41,7.34,0.56,2.36,154.38,0.04,0.15,0.16,0.44,2.34,342.01,2.99,3.96,257.68,352.19,1.69,0.06,0.05,-0.07,0.56,-0.90,-0.04,0.34,0.25,0.15
2024-11-22 19:30:00,0.41,0.06,0.01,0.00,0.00,2.58,0.11,9.50,270.40,26.67,6.42,7.32,0.55,2.33,140.79,0.04,0.17,0.18,0.44,2.35,338.21,2.97,4.17,237.85,330.72,1.77,0.08,0.10,-0.13,0.57,-1.00,0.06,0.28,0.28,0.13
2024-11-22 20:00:00,0.37,0.05,0.01,0.00,0.00,2.45,0.10,10.36,273.31,36.79,6.15,7.03,0.55,2.13,167.55,0.04,0.12,0.16,0.44,2.34,340.49,3.02,3.99,244.23,306.38,1.70,0.02,0.19,-0.08,0.56,-0.84,0.15,0.32,0.27,0.13
2024-11-22 20:30:00,0.39,0.05,0.01,0.00,0.00,2.50,0.10,10.36,271.26,42.43,6.28,7.21,0.56,2.33,167.55,0.04,0.14,0.17,0.43,2.40,344.73,3.08,4.71,250.94,381.40,1.96,0.21,0.06,0.51,0.72,-0.98,-0.07,0.34,0.25,0.14
2024-11-22 21:00:00,0.38,0.05,0.01,0.00,0.00,2.48,0.11,9.50,264.01,34.70,6.27,7.20,0.56,2.31,140.79,0.04,0.16,0.15,0.38,2.40,345.82,2.99,4.37,254.77,344.78,1.82,-0.06,0.12,-0.03,0.46,-1.10,-0.06,0.31,0.31,0.12
2024-11-22 21:30:00,0.39,0.05,0.01,0.00,0.00,2.50,0.09,10.90,266.75,35.83,6.24,7.20,0.57,2.32,185.18,0.03,0.12,0.16,0.40,2.44,341.12,3.06,4.14,248.76,344.57,1.70,0.15,0.11,-0.16,0.50,-0.96,0.04,0.32,0.30,0.14
2024-11-22 22:00:00,0.43,0.06,0.01,0.00,0.00,2.62,0.10,10.36,262.64,34.00,6.44,7.34,0.55,2.72,167.55,0.04,0.17,0.17,0.40,2.45,352.38,3.12,4.04,255.16,392.32,1.65,0.12,0.02,-0.16,0.55,-1.03,0.05,0.33,0.22,0.13
2024-11-22 22:30:00,0.38,0.05,0.01,0.00,0.00,2.49,0.10,9.95,249.68,35.66,6.23,7.11,0.55,2.26,154.38,0.04,0.14,0.16,0.42,2.36,333.65,2.95,4.55,241.72,340.40,1.93,0.11,-0.06,-0.09,0.56,-0.89,0.16,0.28,0.29,0.16
2024-11-22 23:00:00,0.40,0.05,0.01,0.00,0.00,2.54,0.10,10.36,268.04,25.25,6.51,7.39,0.54,2.33,167.55,0.04,0.14,0.17,0.43,2.41,349.62,3.11,4.16,259.90,411.27,1.73,0.17,0.14,0.19,0.61,-0.84,-0.12,0.37,0.26,0.13
2024-11-22 23:30:00,0.43,0.06,0.01,0.00,0.00,2.62,0.09,10.86,261.73,37.13,6.42,7.40,0.57,2.60,183.89,0.03,0.15,0.18,0.42,2.44,352.66,3.05,3.81,251.43,361.65,1.56,-0.12,-0.02,-0.49,0.34,-0.97,-0.04,0.34,0.27,0.13
2024-11-23 00:00:00,0.40,0.05,0.01,0.00,0.00,2.54,0.10,10.36,262.94,27.13,6.33,7.36,0.59,2.94,167.55,0.04,0.18,0.16,0.39,2.38,345.30,3.13,4.75,242.60,319.41,1.99,0.16,0.10,0.82,0.86,-1.05,0.09,0.35,0.27,0.12
2024-11-23 00:30:00,0.34,0.05,0.01,0.00,0.00,2.35,0.10,10.40,264.88,39.33,6.09,7.06,0.59,2.30,168.73,0.04,0.13,0.15,0.43,2.25,332.65,2.83,4.47,238.54,398.98,1.98,0.19,0.08,0.64,0.70,-0.99,0.07,0.34,0.19,0.15
2024-11-23 01:00:00,0.35,0.05,0.01,0.00,0.00,2.37,0.10,9.91,259.56,34.89,6.14,7.06,0.57,1.91,153.30,0.04,0.12,0.14,0.40,2.24,332.90,2.72,3.32,251.44,318.52,1.48,-0.06,0.14,-0.69,0.29,-0.70,0.07,0.23,0.19,0.14
2024-11-23 01:30:00,0.37,0.05,0.01,0.00,0.00,2.45,0.10,9.91,256.59,30.90,6.60,7.52,0.55,2.70,153.30,0.04,0.17,0.13,0.36,2.31,346.64,2.83,3.47,258.21,318.93,1.50,-0.17,0.09,-0.58,0.24,-1.02,-0.20,0.29,0.21,0.14
2024-11-23 02:00:00,0.34,0.05,0.01,0.00,0.00,2.34,0.10,10.40,262.74,28.44,6.56,7.49,0.55,2.50,168.73,0.04,0.14,0.14,0.42,2.26,354.32,2.89,3.42,253.53,314.10,1.52,0.14,0.10,-0.27,0.66,-1.05,0.04,0.50,0.33,0.15
2024-11-23 02:30:00,0.30,0.04,0.01,0.00,0.00,2.21,0.09,10.86,267.00,29.76,6.36,7.34,0.58,2.60,183.89,0.03,0.12,0.13,0.42,2.07,350.12,2.70,4.09,247.07,419.30,1.97,0.30,0.09,0.37,0.69,-0.94,0.14,0.41,0.35,0.13
2024-11-23 03:00:00,0.28,0.04,0.01,0.00,0.00,2.14,0.10,10.36,262.97,38.79,6.13,7.04,0.56,2.03,167.55,0.04,0.10,0.11,0.40,2.07,335.20,2.55,3.07,248.78,407.61,1.48,-0.17,0.04,-0.52,0.37,-1.00,-0.02,0.16,0.13,0.14
2024-11-23 03:30:00,0.26,0.04,0.01,0.00,0.00,2.05,0.10,10.36,257.31,32.69,6.11,7.01,0.56,1.98,167.55,0.04,0.10,0.12,0.45,1.94,321.71,2.48,4.12,238.74,346.32,2.12,0.14,0.17,0.46,0.63,-0.84,0.06,0.33,0.19,0.14
2024-11-23 04:00:00,0.34,0.05,0.01,0.00,0.00,2.35,0.09,10.90,266.41,31.56,6.66,7.53,0.53,2.24,185.18,0.03,0.11,0.14,0.41,2.18,353.31,2.77,3.81,255.93,346.22,1.75,-0.05,-0.01,-0.05,0.43,-0.76,-0.06,0.37,0.32,0.14
2024-11-23 04:30:00,0.27,0.04,0.01,0.00,0.00,2.08,0.10,10.36,258.06,33.67,6.31,7.17,0.54,2.08,167.55,0.04,0.10,0.10,0.38,1.95,339.38,2.42,2.91,249.96,284.27,1.50,-0.19,0.01,-0.47,0.32,-0.84,-0.03,0.24,0.21,0.13
2024-11-23 05:00:00,0.26,0.04,0.01,0.00,0.00,2.04,0.10,10.36,260.57,34.52,6.44,7.31,0.54,2.24,167.55,0.04,0.11,0.11,0.43,1.94,331.90,2.47,3.22,235.06,363.50,1.66,0.20,0.14,-0.42,0.57,-0.90,0.05,0.32,0.29,0.14
2024-11-23 05:30:00,0.27,0.04,0.01,0.00,0.00,2.09,0.10,9.95,249.22,29.80,6.56,7.47,0.55,2.58,154.38,0.04,0.14,0.11,0.40,2.01,351.51,2.46,3.24,263.69,398.04,1.61,-0.16,0.08,-0.46,0.33,-0.79,-0.15,0.37,0.34,0.13
2024-11-23 06:00:00,0.23,0.03,0.01,0.00,0.00,1.91,0.10,10.36,254.83,38.77,6.15,7.06,0.56,2.12,167.55,0.04,0.10,0.10,0.42,1.79,329.80,2.29,3.10,236.34,313.82,1.73,0.10,0.14,-0.23,0.50,-0.87,0.18,0.20,0.26,0.12
2024-11-23 06:30:00,0.27,0.04,0.01,0.00,0.00,2.08,0.10,9.91,253.45,28.22,6.39,7.31,0.56,2.48,153.30,0.04,0.13,0.10,0.37,1.97,345.49,2.36,2.98,248.41,339.92,1.51,-0.31,0.03,-0.77,0.26,-1.02,-0.07,0.30,0.25,0.13
2024-11-23 07:00:00,0.24,0.03,0.01,0.00,0.00,1.94,0.09,10.86,268.47,29.65,6.10,7.04,0.58,2.37,183.89,0.03,0.10,0.09,0.38,1.81,333.66,2.19,2.78,240.21,358.62,1.53,-0.23,-0.05,-0.64,0.30,-1.05,-0.00,0.20,0.14,0.16
2024-11-23 07:30:00,0.23,0.03,0.01,0.00,0.00,1.91,0.10,10.40,265.31,41.44,5.90,6.94,0.62,2.01,168.73,0.04,0.09,0.09,0.41,1.81,340.25,2.26,3.50,228.76,374.75,1.93,0.16,0.12,-0.11,0.52,-1.11,0.10,0.23,0.26,0.13
2024-11-23 08:00:00,0.24,0.03,0.01,0.00,0.00,1.96,0.10,9.91,262.74,34.28,5.84,6.87,0.62,2.13,153.30,0.04,0.11,0.09,0.38,1.81,327.08,2.24,3.08,228.48,325.62,1.70,-0.18,0.09,-0.35,0.42,-1.03,0.07,0.23,0.08,0.14
2024-11-23 08:30:00,0.24,0.04,0.01,0.00,0.00,1.95,0.10,9.91,252.70,30.93,5.61,6.64,0.63,2.21,153.30,0.04,0.11,0.10,0.41,1.87,326.89,2.35,3.59,218.66,361.34,1.92,0.04,0.13,-0.03,0.62,-0.92,0.32,0.31,0.27,0.14
2024-11-23 09:00:00,0.22,0.03,0.01,0.00,0.00,1.86,0.09,10.90,262.13,38.11,5.44,6.46,0.64,1.96,185.18,0.03,0.08,0.09,0.43,1.72,310.61,2.14,3.09,208.45,375.07,1.80,0.06,0.09,-0.36,0.47,-0.73,0.34,0.28,0.23,0.12
2024-11-23 09:30:00,0.20,0.03,0.01,0.00,0.00,1.80,0.10,9.91,269.09,40.62,5.39,6.35,0.63,1.81,153.30,0.04,0.08,0.08,0.39,1.71,314.78,2.12,2.78,224.72,325.65,1.63,-0.20,0.05,-0.16,0.55,-0.88,0.29,0.11,0.10,0.14
2024-11-23 10:00:00,0.23,0.03,0.01,0.00,0.00,1.91,0.10,10.36,270.99,39.04,5.89,6.85,0.59,2.48,167.55,0.04,0.11,0.10,0.43,1.78,326.72,2.22,2.80,229.68,330.35,1.58,-0.04,0.03,-0.50,0.47,-0.79,0.26,0.41,0.41,0.14
2024-11-23 10:30:00,0.21,0.03,0.01,0.00,0.00,1.82,0.10,9.53,260.57,36.02,6.03,6.92,0.56,2.30,141.78,0.04,0.12,0.08,0.38,1.67,324.27,2.08,2.85,231.31,326.91,1.71,-0.10,0.06,-0.23,0.49,-1.04,0.04,0.20,0.21,0.13
2024-11-23 11:00:00,0.21,0.03,0.01,0.00,0.00,1.83,0.10,10.36,253.43,39.30,6.34,7.28,0.57,2.47,167.55,0.04,0.11,0.08,0.41,1.78,351.27,2.20,3.31,250.21,363.15,1.86,-0.13,0.03,-0.34,0.43,-1.01,-0.11,0.36,0.33,0.13
2024-11-23 11:30:00,0.21,0.03,0.00,0.00,0.00,1.82,0.10,9.91,259.00,36.38,6.56,7.48,0.55,2.89,153.30,0.04,0.13,0.09,0.43,1.68,341.61,2.11,2.82,259.38,309.71,1.68,-0.11,0.03,0.02,0.53,-1.09,-0.19,0.30,0.30,0.14
2024-11-23 12:00:00,0.23,0.03,0.01,0.00,0.00,1.91,0.10,10.36,266.05,38.56,6.63,7.53,0.54,3.08,167.55,0.04,0.14,0.10,0.45,1.75,349.61,2.27,3.21,252.37,395.42,1.84,0.19,0.03,0.38,0.66,-1.12,-0.06,0.43,0.36,0.12
2024-11-23 12:30:00,0.17,0.02,0.00,0.00,0.00,1.67,0.10,10.40,265.38,33.67,6.36,7.27,0.55,2.67,168.73,0.04,0.10,0.07,0.40,1.54,345.41,1.92,2.48,246.37,359.62,1.61,-0.10,0.05,-0.30,0.45,-0.94,0.02,0.38,0.31,0.14
2024-11-23 13:00:00,0.18,0.03,0.00,0.00,0.00,1.70,0.09,10.86,262.47,35.66,6.32,7.16,0.53,2.29,183.89,0.03,0.08,0.08,0.43,1.70,339.23,2.10,2.78,257.22,314.52,1.64,0.07,0.11,-0.38,0.48,-1.05,-0.12,0.27,0.28,0.13
2024-11-23 13:30:00,0.17,0.02,0.00,0.00,0.00,1.68,0.11,9.12,262.68,35.14,6.33,7.18,0.54,2.66,129.75,0.05,0.14,0.07,0.42,1.60,335.42,2.04,2.45,250.56,304.84,1.53,0.02,-0.07,-0.37,0.47,-1.07,-0.10,0.39,0.16,0.13
2024-11-23 14:00:00,0.17,0.02,0.00,0.00,0.00,1.65,0.10,10.36,249.95,33.48,6.53,7.41,0.54,2.71,167.55,0.04,0.10,0.06,0.36,1.63,347.07,2.07,2.53,252.91,372.17,1.55,-0.10,0.05,-0.42,0.50,-0.99,-0.08,0.39,0.32,0.14
2024-11-23 14:30:00,0.18,0.02,0.00,0.00,0.00,1.69,0.10,9.53,253.97,36.05,6.25,7.23,0.58,2.60,141.78,0.04,0.12,0.08,0.46,1.57,341.45,2.08,3.11,239.02,363.27,1.98,0.36,0.10,0.85,0.86,-1.04,-0.02,0.43,0.28,0.13
2024-11-23 15:00:00,0.19,0.03,0.01,0.00,0.00,1.76,0.10,10.36,266.05,31.50,5.80,6.90,0.65,2.54,167.55,0.04,0.11,0.08,0.42,1.65,333.52,2.16,2.88,226.67,299.98,1.75,0.16,-0.06,0.15,0.74,-1.17,0.15,0.44,0.34,0.13
2024-11-23 15:30:00,0.17,0.03,0.01,0.00,0.00,1.65,0.11,9.50,276.86,34.08,5.37,6.42,0.66,2.20,140.79,0.04,0.10,0.07,0.43,1.59,310.64,2.03,2.63,213.33,290.73,1.66,0.06,0.01,-0.17,0.65,-1.09,0.08,0.25,0.23,0.14
2024-11-23 16:00:00,0.19,0.03,0.01,0.00,0.00,1.73,0.11,9.50,256.04,29.65,5.37,6.38,0.64,2.26,140.79,0.04,0.11,0.07,0.39,1.65,312.07,2.12,3.04,215.06,319.50,1.84,-0.01,0.12,0.10,0.64,-1.00,0.14,0.32,0.25,0.13
2024-11-23 16:30:00,0.18,0.03,0.01,0.00,0.00,1.70,0.11,9.12,258.06,40.32,5.46,6.52,0.65,2.50,129.75,0.05,0.13,0.08,0.44,1.62,319.47,2.11,2.91,214.90,314.02,1.79,0.17,0.08,0.04,0.72,-1.01,0.17,0.30,0.27,0.14
2024-11-23 17:00:00,0.19,0.03,0.01,0.00,0.00,1.73,0.10,9.53,252.22,38.47,5.73,6.68,0.60,2.36,141.78,0.04,0.11,0.08,0.40,1.64,325.50,2.05,2.60,234.06,330.78,1.58,-0.11,0.07,-0.37,0.33,-0.98,-0.07,0.33,0.25,0.12
2024-11-23 17:30:00,0.19,0.03,0.01,0.00,0.00,1.74,0.11,9.12,264.61,33.61,5.90,6.80,0.57,2.27,129.75,0.05,0.12,0.08,0.42,1.62,322.09,2.05,2.78,233.84,334.53,1.72,0.08,0.03,-0.10,0.56,-0.94,-0.05,0.33,0.23,0.15
2024-11-23 18:00:00,0.19,0.03,0.01,0.00,0.00,1.75,0.10,9.91,263.62,37.80,5.85,6.74,0.57,2.27,153.30,0.04,0.10,0.08,0.44,1.63,317.94,2.05,3.32,236.03,311.16,2.04,0.13,0.02,0.66,0.67,-0.92,-0.03,0.32,0.31,0.13
2024-11-23 18:30:00,0.18,0.03,0.01,0.00,0.00,1.71,0.11,9.15,256.13,33.07,5.84,6.73,0.57,2.82,130.66,0.05,0.14,0.06,0.36,1.64,316.90,2.02,2.57,228.75,322.93,1.56,-0.23,0.00,-0.58,0.36,-0.96,0.01,0.42,0.37,0.15
2024-11-23 19:00:00,0.16,0.02,0.00,0.00,0.00,1.58,0.10,9.91,268.94,34.95,5.83,6.65,0.55,2.18,153.30,0.04,0.09,0.06,0.41,1.47,305.50,1.84,2.71,222.61,380.33,1.84,0.01,-0.00,0.29,0.58,-0.93,0.17,0.27,0.23,0.13
2024-11-23 19:30:00,0.19,0.03,0.01,0.00,0.00,1.76,0.11,9.50,267.04,35.48,6.17,6.97,0.53,2.68,140.79,0.04,0.13,0.08,0.40,1.68,325.71,2.12,2.58,248.92,366.04,1.54,-0.05,0.01,-0.26,0.46,-0.95,-0.09,0.38,0.38,0.14
2024-11-23 20:00:00,0.18,0.03,0.01,0.00,0.00,1.71,0.10,9.95,257.03,32.91,6.02,6.83,0.54,2.36,154.38,0.04,0.10,0.07,0.40,1.64,322.80,2.03,2.46,239.51,331.35,1.50,-0.09,0.02,-0.59,0.42,-0.92,-0.10,0.39,0.33,0.14
2024-11-23 20:30:00,0.18,0.03,0.00,0.00,0.00,1.70,0.11,9.12,255.38,41.68,6.12,6.86,0.51,2.25,129.75,0.05,0.12,0.08,0.44,1.60,316.70,2.07,2.87,240.38,298.19,1.79,0.05,0.05,0.03,0.53,-0.84,-0.09,0.38,0.26,0.13
2024-11-23 21:00:00,0.20,0.03,0.01,0.00,0.00,1.80,0.11,8.77,263.46,30.85,6.27,7.00,0.50,2.83,119.96,0.05,0.17,0.09,0.46,1.68,314.81,2.16,3.62,236.43,319.56,2.15,0.47,0.07,0.53,0.74,-1.05,-0.07,0.45,0.26,0.13
2024-11-23 21:30:00,0.18,0.03,0.00,0.00,0.00,1.71,0.11,9.12,259.05,33.39,6.32,7.08,0.51,2.77,129.75,0.05,0.14,0.07,0.38,1.66,321.37,2.11,2.98,252.53,342.37,1.79,-0.01,-0.01,0.24,0.50,-0.67,-0.30,0.40,0.24,0.12
2024-11-23 22:00:00,0.16,0.02,0.00,0.00,0.00,1.62,0.11,9.15,265.20,33.03,6.19,6.95,0.51,2.47,130.66,0.05,0.12,0.06,0.39,1.57,321.51,1.95,2.75,253.03,327.37,1.75,-0.13,0.01,-0.15,0.37,-0.71,-0.29,0.39,0.28,0.13
2024-11-23 22:30:00,0.16,0.02,0.00,0.00,0.00,1.59,0.11,9.12,262.98,44.51,6.07,6.82,0.51,2.41,129.75,0.05,0.12,0.06,0.41,1.48,306.94,1.92,2.37,225.57,265.25,1.60,-0.05,0.00,-0.19,0.54,-0.88,0.06,0.34,0.29,0.13
2024-11-23 23:00:00,0.16,0.02,0.00,0.00,0.00,1.58,0.11,9.50,263.60,34.03,6.04,6.79,0.51,2.26,140.79,0.04,0.10,0.07,0.47,1.52,315.30,1.94,2.30,236.62,359.44,1.51,0.06,0.03,-0.25,0.57,-0.74,0.05,0.33,0.28,0.13
2024-11-23 23:30:00,0.16,0.02,0.00,0.00,0.00,1.60,0.10,9.53,264.57,28.72,6.14,6.84,0.49,2.58,141.78,0.04,0.11,0.06,0.38,1.53,318.42,1.86,2.37,249.17,311.96,1.55,-0.20,0.08,-0.54,0.28,-0.74,-0.16,0.34,0.23,0.13
2024-11-24 00:00:00,0.15,0.02,0.00,0.00,0.00,1.53,0.11,9.50,268.61,38.36,5.79,6.45,0.49,1.83,140.79,0.04,0.08,0.06,0.43,1.44,294.06,1.79,2.42,228.44,320.78,1.69,0.01,0.09,-0.31,0.43,-0.71,0.04,0.22,0.25,0.14
2024-11-24 00:30:00,0.19,0.03,0.00,0.00,0.00,1.74,0.11,8.77,264.28,26.51,6.23,6.93,0.49,2.88,119.96,0.05,0.16,0.07,0.36,1.64,321.90,2.02,2.38,253.20,340.87,1.45,-0.24,0.17,-0.49,0.28,-0.86,-0.26,0.35,0.26,0.15
2024-11-24 01:00:00,0.14,0.02,0.00,0.00,0.00,1.50,0.11,8.77,261.40,37.58,5.91,6.64,0.51,2.43,119.96,0.05,0.12,0.05,0.36,1.48,319.34,1.83,2.49,244.07,286.67,1.68,-0.17,-0.01,-0.15,0.38,-0.89,-0.21,0.32,0.23,0.12
2024-11-24 01:30:00,0.16,0.02,0.00,0.00,0.00,1.61,0.12,8.17,267.32,37.47,6.03,6.69,0.48,2.23,104.16,0.06,0.14,0.06,0.39,1.54,304.38,1.92,2.99,240.71,329.02,1.95,-0.07,0.07,0.11,0.45,-0.83,-0.13,0.25,0.15,0.14
2024-11-24 02:00:00,0.15,0.02,0.00,0.00,0.00,1.57,0.11,9.50,259.60,33.87,5.90,6.59,0.50,2.15,140.79,0.04,0.09,0.06,0.40,1.47,310.30,1.78,2.21,231.43,299.22,1.50,-0.23,0.07,-0.62,0.29,-0.89,0.02,0.29,0.23,0.14
2024-11-24 02:30:00,0.14,0.02,0.00,0.00,0.00,1.50,0.11,8.77,248.48,39.75,5.93,6.66,0.51,2.41,119.96,0.05,0.12,0.05,0.38,1.45,313.66,1.78,2.37,246.52,332.40,1.63,-0.27,-0.03,-0.34,0.29,-0.83,-0.20,0.30,0.28,0.14
2024-11-24 03:00:00,0.15,0.02,0.00,0.00,0.00,1.56,0.11,9.15,264.89,32.79,5.90,6.61,0.50,2.37,130.66,0.05,0.11,0.06,0.37,1.46,305.88,1.72,2.35,238.25,312.94,1.61,-0.32,0.02,-0.52,0.18,-0.93,-0.05,0.24,0.22,0.14
2024-11-24 03:30:00,0.14,0.02,0.00,0.00,0.00,1.49,0.12,8.44,253.30,32.41,5.69,6.39,0.51,2.03,111.24,0.06,0.11,0.06,0.43,1.45,300.61,1.84,2.54,226.02,246.23,1.75,0.12,0.05,0.07,0.58,-0.91,0.02,0.29,0.26,0.12
2024-11-24 04:00:00,0.14,0.02,0.00,0.00,0.00,1.48,0.11,8.77,273.16,41.44,5.79,6.57,0.53,2.36,119.96,0.05,0.11,0.05,0.39,1.42,321.00,1.76,2.44,235.22,382.14,1.72,-0.06,-0.02,-0.15,0.41,-0.94,-0.04,0.29,0.27,0.14
2024-11-24 04:30:00,0.13,0.02,0.00,0.00,0.00,1.45,0.12,8.17,261.49,32.82,5.77,6.46,0.50,2.10,104.16,0.06,0.11,0.06,0.43,1.34,295.49,1.74,2.43,218.36,255.81,1.82,0.20,0.02,0.08,0.63,-0.73,0.11,0.27,0.19,0.13
2024-11-24 05:00:00,0.12,0.02,0.00,0.00,0.00,1.41,0.11,8.77,268.84,45.64,5.81,6.53,0.52,2.32,119.96,0.05,0.11,0.05,0.40,1.37,314.40,1.66,2.20,230.35,326.19,1.60,-0.12,0.01,-0.57,0.37,-0.95,-0.07,0.43,0.34,0.16
2024-11-24 05:30:00,0.12,0.02,0.00,0.00,0.00,1.38,0.12,8.14,273.13,34.13,5.61,6.29,0.51,1.92,103.44,0.06,0.10,0.05,0.40,1.32,290.34,1.61,2.06,221.10,296.42,1.56,-0.14,0.03,-0.59,0.28,-0.51,0.06,0.18,0.18,0.14
2024-11-24 06:00:00,0.13,0.02,0.00,0.00,0.00,1.45,0.11,9.15,264.18,31.03,5.90,6.68,0.53,2.30,130.66,0.05,0.10,0.05,0.38,1.38,306.81,1.70,2.48,237.21,328.15,1.79,-0.22,0.05,-0.32,0.26,-0.86,-0.16,0.38,0.27,0.14
2024-11-24 06:30:00,0.12,0.02,0.00,0.00,0.00,1.40,0.12,8.44,262.55,36.03,5.60,6.35,0.53,1.93,111.24,0.06,0.10,0.05,0.42,1.31,296.58,1.64,2.02,216.11,276.60,1.54,-0.11,0.10,-0.47,0.49,-0.74,0.19,0.29,0.28,0.14
2024-11-24 07:00:00,0.12,0.02,0.00,0.00,0.00,1.37,0.11,9.50,268.06,32.64,5.70,6.50,0.55,2.22,140.79,0.04,0.08,0.05,0.40,1.30,306.48,1.63,2.35,222.89,300.95,1.81,-0.11,-0.01,-0.40,0.40,-1.03,0.03,0.31,0.27,0.13
2024-11-24 07:30:00,0.11,0.02,0.00,0.00,0.00,1.35,0.11,9.12,253.98,36.14,5.72,6.51,0.55,2.08,129.75,0.05,0.08,0.05,0.42,1.29,303.48,1.68,2.75,228.58,351.03,2.13,0.33,0.09,1.18,0.84,-0.86,0.01,0.40,0.18,0.11
2024-11-24 08:00:00,0.14,0.02,0.00,0.00,0.00,1.50,0.10,9.53,274.25,29.56,5.87,6.57,0.50,2.06,141.78,0.04,0.09,0.06,0.42,1.43,303.77,1.79,2.24,232.29,298.14,1.57,-0.00,0.02,-0.44,0.40,-0.89,-0.02,0.20,0.14,0.14
2024-11-24 08:30:00,0.12,0.02,0.00,0.00,0.00,1.36,0.12,8.44,269.66,32.00,5.68,6.43,0.53,1.99,111.24,0.06,0.10,0.05,0.40,1.28,296.33,1.59,2.03,217.19,394.42,1.58,-0.02,0.07,-0.50,0.40,-0.90,0.04,0.24,0.14,0.14
2024-11-24 09:00:00,0.11,0.02,0.00,0.00,0.00,1.35,0.12,8.44,262.95,36.72,5.56,6.27,0.52,1.81,111.24,0.06,0.09,0.05,0.47,1.28,294.28,1.65,2.09,207.18,321.62,1.64,0.28,0.14,-0.01,0.71,-0.70,0.26,0.27,0.23,0.15
2024-11-24 09:30:00,0.12,0.02,0.00,0.00,0.00,1.39,0.12,8.47,263.65,39.06,5.69,6.42,0.52,2.07,112.02,0.06,0.10,0.05,0.41,1.29,300.11,1.59,2.02,220.93,329.72,1.57,-0.13,0.00,-0.55,0.36,-0.75,0.11,0.29,0.23,0.14
2024-11-24 10:00:00,0.13,0.02,0.00,0.00,0.00,1.45,0.11,9.50,272.87,38.45,5.84,6.59,0.52,2.07,140.79,0.04,0.08,0.05,0.42,1.35,295.76,1.68,2.17,222.93,302.97,1.60,-0.03,0.12,-0.49,0.38,-0.49,0.19,0.34,0.26,0.14
2024-11-24 10:30:00,0.10,0.02,0.00,0.00,0.00,1.30,0.11,9.12,265.54,48.19,5.59,6.31,0.52,1.86,129.75,0.05,0.07,0.05,0.43,1.24,297.21,1.53,2.09,219.87,338.64,1.68,0.01,0.00,-0.43,0.45,-0.72,0.13,0.33,0.24,0.14
2024-11-24 11:00:00,0.11,0.02,0.00,0.00,0.00,1.36,0.12,8.14,259.46,30.91,5.72,6.46,0.52,2.13,103.44,0.06,0.11,0.06,0.50,1.30,303.78,1.72,2.67,215.36,279.38,2.06,0.37,0.07,0.66,0.85,-0.67,0.21,0.40,0.26,0.13
2024-11-24 11:30:00,0.11,0.02,0.00,0.00,0.00,1.32,0.11,9.50,263.42,36.41,5.71,6.46,0.53,2.09,140.79,0.04,0.08,0.04,0.41,1.21,302.87,1.56,2.44,219.64,367.50,2.02,0.15,0.07,0.35,0.68,-0.80,0.22,0.30,0.32,0.14
2024-11-24 12:00:00,0.09,0.01,0.00,0.00,0.00,1.18,0.10,9.95,273.86,40.17,5.32,6.08,0.55,1.71,154.38,0.04,0.05,0.04,0.41,1.12,281.65,1.40,2.23,211.50,313.33,1.99,0.13,0.05,0.44,0.54,-0.69,0.23,0.34,0.20,0.14
2024-11-24 12:30:00,0.12,0.02,0.00,0.00,0.00,1.37,0.11,9.12,256.93,40.42,5.80,6.59,0.54,2.12,129.75,0.05,0.09,0.05,0.42,1.30,309.10,1.60,2.24,226.37,362.96,1.72,-0.14,0.07,-0.36,0.40,-0.74,0.02,0.34,0.27,0.13
2024-11-24 13:00:00,0.10,0.02,0.00,0.00,0.00,1.29,0.11,8.77,262.22,35.79,5.72,6.60,0.57,2.13,119.96,0.05,0.09,0.04,0.40,1.19,307.33,1.52,2.22,220.14,325.78,1.86,0.03,0.08,0.22,0.63,-1.03,0.09,0.29,0.23,0.13
2024-11-24 13:30:00,0.09,0.01,0.00,0.00,0.00,1.22,0.11,9.50,264.06,45.01,5.58,6.56,0.62,2.14,140.79,0.04,0.07,0.04,0.39,1.14,312.24,1.39,1.72,220.09,285.88,1.51,-0.14,0.03,-0.63,0.35,-0.92,0.10,0.32,0.26,0.16
2024-11-24 14:00:00,0.10,0.02,0.00,0.00,0.00,1.29,0.11,9.50,260.46,44.26,5.87,6.71,0.56,2.35,140.79,0.04,0.08,0.04,0.41,1.25,313.02,1.51,1.92,235.42,296.77,1.54,-0.15,0.03,-0.72,0.28,-0.87,-0.18,0.31,0.17,0.14
2024-11-24 14:30:00,0.08,0.01,0.00,0.00,0.00,1.17,0.10,9.53,268.79,46.62,5.71,6.52,0.55,2.05,141.78,0.04,0.07,0.03,0.41,1.12,307.50,1.42,1.93,234.80,332.84,1.72,0.05,0.07,-0.04,0.47,-0.69,-0.11,0.32,0.25,0.13
2024-11-24 15:00:00,0.08,0.01,0.00,0.00,0.00,1.14,0.11,8.77,254.68,43.57,5.61,6.48,0.58,2.07,119.96,0.05,0.08,0.03,0.38,1.11,309.28,1.35,1.59,224.23,335.96,1.43,-0.17,0.06,-0.76,0.25,-0.99,0.07,0.30,0.33,0.15
2024-11-24 15:30:00,0.10,0.01,0.00,0.00,0.00,1.25,0.11,9.12,253.49,42.18,5.83,6.69,0.56,2.46,129.75,0.05,0.09,0.04,0.43,1.21,314.08,1.53,2.09,237.01,372.48,1.74,0.04,-0.06,0.08,0.59,-0.87,-0.06,0.30,0.21,0.13
2024-11-24 16:00:00,0.11,0.02,0.00,0.00,0.00,1.30,0.11,9.12,278.22,35.68,5.94,6.81,0.56,2.56,129.75,0.05,0.10,0.05,0.44,1.22,315.24,1.55,1.95,224.95,314.38,1.60,0.08,0.02,-0.44,0.51,-0.99,-0.00,0.28,0.15,0.13
2024-11-24 16:30:00,0.13,0.02,0.00,0.00,0.00,1.44,0.12,8.44,243.83,39.14,6.15,6.95,0.53,3.12,111.24,0.06,0.16,0.05,0.39,1.37,318.81,1.65,2.04,241.85,307.65,1.49,-0.22,0.09,-0.78,0.21,-1.00,-0.32,0.45,0.31,0.15
2024-11-24 17:00:00,0.11,0.02,0.00,0.00,0.00,1.32,0.11,9.12,272.35,38.47,6.05,6.83,0.52,2.54,129.75,0.05,0.10,0.04,0.40,1.26,306.44,1.60,2.16,237.90,310.97,1.72,0.02,0.03,-0.05,0.57,-0.85,-0.01,0.31,0.15,0.13
2024-11-24 17:30:00,0.12,0.02,0.00,0.00,0.00,1.39,0.11,8.80,264.15,36.03,6.28,7.03,0.50,3.12,120.81,0.05,0.14,0.05,0.42,1.31,319.57,1.62,2.01,236.42,310.99,1.53,-0.04,-0.01,-0.59,0.45,-0.94,-0.19,0.40,0.32,0.15
2024-11-24 18:00:00,0.11,0.02,0.00,0.00,0.00,1.34,0.11,8.77,262.17,32.95,6.07,6.87,0.53,2.70,119.96,0.05,0.12,0.04,0.39,1.25,315.41,1.56,2.18,241.51,352.82,1.74,-0.14,0.12,-0.29,0.42,-0.84,-0.23,0.28,0.24,0.12
2024-11-24 18:30:00,0.11,0.02,0.00,0.00,0.00,1.31,0.12,8.44,268.09,35.98,5.96,6.78,0.54,2.60,111.24,0.06,0.12,0.04,0.41,1.24,315.31,1.57,2.01,233.80,353.61,1.62,-0.06,0.13,-0.21,0.58,-1.02,-0.10,0.41,0.25,0.13
2024-11-24 19:00:00,0.10,0.02,0.00,0.00,0.00,1.28,0.12,8.44,260.75,33.37,5.86,6.68,0.55,2.60,111.24,0.06,0.12,0.04,0.41,1.25,310.18,1.60,2.19,234.50,339.74,1.75,0.01,-0.06,-0.12,0.58,-0.73,-0.03,0.39,0.21,0.14
2024-11-24 19:30:00,0.11,0.02,0.00,0.00,0.00,1.36,0.11,8.77,259.39,35.96,6.01,6.79,0.53,2.51,119.96,0.05,0.11,0.05,0.43,1.27,311.63,1.62,2.46,232.43,318.71,1.93,0.15,-0.00,0.25,0.68,-0.86,-0.03,0.40,0.32,0.15
2024-11-24 20:00:00,0.11,0.02,0.00,0.00,0.00,1.33,0.11,8.77,260.36,34.10,5.88,6.68,0.54,2.22,119.96,0.05,0.10,0.04,0.40,1.25,308.60,1.54,2.18,227.74,278.50,1.75,-0.06,0.04,-0.18,0.45,-0.82,0.07,0.34,0.31,0.13
2024-11-24 20:30:00,0.11,0.02,0.00,0.00,0.00,1.35,0.12,8.47,261.91,40.86,5.87,6.66,0.54,2.70,112.02,0.06,0.13,0.05,0.42,1.29,306.20,1.59,2.31,224.02,269.99,1.80,-0.01,-0.02,-0.37,0.52,-0.80,0.06,0.36,0.25,0.15
2024-11-24 21:00:00,0.13,0.02,0.00,0.00,0.00,1.45,0.11,9.50,264.82,34.58,5.98,6.81,0.54,2.54,140.79,0.04,0.10,0.05,0.39,1.36,319.41,1.68,1.91,230.32,318.04,1.40,-0.12,-0.03,-0.70,0.32,-0.95,-0.09,0.34,0.19,0.14
2024-11-24 21:30:00,0.11,0.02,0.00,0.00,0.00,1.31,0.11,8.77,258.60,39.55,5.61,6.47,0.58,2.26,119.96,0.05,0.10,0.04,0.42,1.24,308.08,1.52,1.90,222.22,277.84,1.53,-0.05,0.00,-0.65,0.39,-0.98,-0.00,0.24,0.16,0.15
2024-11-24 22:00:00,0.13,0.02,0.00,0.00,0.00,1.47,0.11,9.12,261.48,35.68,5.69,6.54,0.57,2.42,129.75,0.05,0.11,0.05,0.41,1.37,303.25,1.77,2.65,220.46,337.13,1.94,0.20,0.07,0.76,0.80,-0.95,-0.02,0.33,0.16,0.13
2024-11-24 22:30:00,0.11,0.02,0.00,0.00,0.00,1.31,0.11,9.15,264.61,39.25,5.35,6.25,0.60,2.13,130.66,0.05,0.08,0.04,0.41,1.26,296.17,1.55,1.88,211.57,355.50,1.50,-0.16,0.10,-0.63,0.39,-0.87,0.10,0.31,0.23,0.14
2024-11-24 23:00:00,0.13,0.02,0.00,0.00,0.00,1.44,0.12,8.44,259.46,39.36,5.52,6.42,0.59,2.51,111.24,0.06,0.13,0.05,0.37,1.36,303.49,1.67,2.15,221.14,289.87,1.59,-0.24,0.03,-0.55,0.34,-1.02,0.03,0.28,0.26,0.14
2024-11-24 23:30:00,0.12,0.02,0.00,0.00,0.00,1.36,0.12,8.44,254.17,41.13,5.20,5.99,0.57,1.83,111.24,0.06,0.09,0.05,0.40,1.31,279.06,1.65,2.23,205.24,235.34,1.71,-0.01,0.08,-0.23,0.52,-0.73,0.19,0.19,0.10,0.14
